dis_price,dis_rate,main_category_name,ori_price,sub_category_name,title
52000,0,여행,52000,ALL,[키자니아](문자발송)직업체험 NO.1 키자니아 오픈 10주년 기념 1+1 이벤트 (2/15~4/5)
21900,12,식품,21900,ALL,[매일우유]매일 멸균우유 200ml 48팩/우유
48000,0,여행,48000,ALL,(인증번호 문자수신)19/20 곤지암리조트 리프트권
100,0,여행,100,ALL,현대백화점면세점 동대문점 오픈기념 100원딜 (선착순 3000명)
200000,69,여행,200000,ALL,(카드10%할인) 오크밸리 1.5 스키 시즌권
27750,7,e쿠폰/티켓,27750,ALL,[컬쳐랜드문화상품권](카드가능)(컬쳐랜드) 문화상품권 3만원 /온라인 전용
24500,9,식품,24500,ALL,[아침농산]국산 농부의아침 쌀10kg  백미 2019년산 햅쌀
45900,9,식품,45900,ALL,황금미가 쌀 20kg 19년산 (당일도정)
17900,28,식품,17900,ALL,[오뚜기밥]맛있는 오뚜기밥 210g x 24개입(1박스)
16720,1,스포츠/자동차,16720,ALL,3D 입체 면 마스크 블랙3개 검정 패션 자전거 연예인
24900,0,생활/주방/건강,24900,ALL,국내생산) KF94 미세먼지 대형 일회용마스크/손소독제
51130,10,컴퓨터/전자,51130,ALL,[위닉스](정품) 공기청정기필터 제로S 전용필터 CAF-I0S3
31200,35,도서/음반,31200,ALL,스콜라스틱 파닉스리더스 A~F 워크북 세트
20900,67,가구/침구,20900,ALL,[바자르]바자르 봄맞이 차렵이불베개세트
28800,20,여행,28800,ALL,[키자니아](문자발송)직업체험 NO.1 키자니아_서울/부산 이용권(~20.2.29까지 사용가능)/서울/부산/직업체험/
30000,46,여행,30000,ALL,(공식판매처)얼리버드 에버랜드 종일권(~20/6/30)
37000,0,여행,37000,ALL,[비발디파크](카드즉시할인10%) 강원 홍천 비발디파크 스키 보드 리프트권+장비렌탈 패키지(문자발송)
100,0,e쿠폰/티켓,100,ALL,(이달의 신생활) 오윈 GS칼텍스 5천원 할인쿠폰
30000,0,e쿠폰/티켓,30000,ALL,[컬쳐랜드문화상품권](컬쳐랜드) 온라인 문화상품권 3만원+8%캐시백
28950,3,e쿠폰/티켓,28950,ALL,[에쓰오일](S-OIL) 모바일주유권 3만원/ 실시간발송/ 주유상품권
18450,25,화장품/헤어,18450,ALL,[닥터브로너스][닥터브로너스] 퓨어 캐스틸 솝 950ml (+ 거품용기 증정 2/21~24일까지)
23000,4,유아동/출산,23000,ALL,사은품증정 바이오클퓨어 4L 제균스프레이 살균소독제
29900,0,식품,29900,ALL,CJ 비비고 왕교자1.05KGX5+찐만두168G
30320,20,식품,30320,ALL,[햇반]CJ 햇반 210g x 6EA x 6개(총36개)
18290,0,스포츠/자동차,18290,ALL,크린탑 안면 여과식 방진 마스크 C250WS 흰색 20EA
34900,0,스포츠/자동차,34900,ALL,50매세트 특가 3D 입체마스크 50장세트 연예인 마스크
25900,0,스포츠/자동차,25900,ALL,순면 100% 20매세트 3D 입체마스크 순면100%  20장세트
29900,0,생활/주방/건강,29900,ALL,국내생산)일회용 이너 아웃 접이식 마스크  100장
6900,70,생활/주방/건강,6900,ALL,나노 필터 리필 마스크 KIFA 인증 99.9% 완벽차단 10매
6900,70,신발/잡화,6900,ALL,[투투삭스]봄신상 양말 균일가 패션양말/스니커즈/골지/학생
237150,7,컴퓨터/전자,237150,ALL,[제로](최대 189000) 위닉스 제로S 공기청정기 AZSE430-JWK
51130,10,컴퓨터/전자,51130,ALL,[위닉스](정품) 공기청정기필터 타워Q 시리즈 필터 CAF-D0S5
20900,3,컴퓨터/전자,20900,ALL,[비달사순]비달사순 2000W 전문가용 헤어드라이기 VSD5129K
74100,5,도서/음반,74100,ALL,(3월4일출고)(와이즈만북스) 미래가 온다 시리즈 1~6권 세트(전6권)
191430,10,도서/음반,191430,ALL,한얼교육 NEW 리더십 동화 (전70종)
19900,68,가구/침구,19900,ALL,싱글족을위한 이불+패드+베개세트/기숙사 이불 세트
77900,21,가구/침구,77900,ALL,[한샘]샘 책장 5단 초특가 모음전
14700,69,가구/침구,14700,ALL,[한일카페트]무배 터치미 SNS 인기 샤기 러그 카페트 원형/사각
23000,52,여행,23000,ALL,(공식판매처)(2월 1일부터 사용가능)롯데월드 종일/AFTER4(오후4시)/AFTER7(오후7시)/자유이용권/테마파크
25000,0,여행,25000,ALL,(여수)유월드 루지테마파크 2월이용권(쥬라기어드벤처/다이노밸리/키즈카페/놀이공원/유심천/여수여행)
96500,3,e쿠폰/티켓,96500,ALL,[구글플레이](카드가능) 기프트코드 10만원 / 구글 기프트카드
9000,10,e쿠폰/티켓,9000,ALL,[이디야커피](이디야커피) 1만원권
10900,68,화장품/헤어,10900,ALL,[네이처리퍼블릭]온라인데이~70%/손소독제/손소독/마스크팩/틴트/샴푸
12600,30,화장품/헤어,12600,ALL,[에뛰드하우스]2월 에뛰드데이 UP TO 60%
6900,70,유아동/출산,6900,ALL,[디즈니]시크릿쥬쥬/디즈니 봄맞이 아동 원피스/실내복/속옷
25000,0,유아동/출산,25000,ALL,바이오클퓨어4L 살균소독 제균스프레이
29100,3,유아동/출산,29100,ALL,[메디록스]메디록스s 4리터 1개  Medilox 고수준 살균제
11900,13,식품,11900,ALL,[제주삼다수]제주삼다수 2L 12병/생수전문배송
13900,20,식품,13900,ALL,[청정원]스파게티/파스타소스 600gx3 +면500gx2 증정
9900,33,식품,9900,ALL,(깨비농원) 못난이 천혜향 2kg 랜덤(추가증정)
15900,70,패션의류,15900,ALL,제이나나 봄신상 파자마/잠옷/언더웨어
16700,1,스포츠/자동차,16700,ALL,3D입체 면 마스크 블랙1+화이트2개 검정 패션 연예인
45000,70,스포츠/자동차,45000,ALL,네파 SS 티셔츠 + SS 자켓  SALE
59000,0,스포츠/자동차,59000,ALL,[휠라]코트 에이스 1TM00645147
1400,0,생활/주방/건강,1400,ALL,무지 일반마스크/100%국내제조/100%순면/KC인증상품
19900,0,생활/주방/건강,19900,ALL,공식 맥스크린 살균 소독제 4L 메르스 독감 소독
9900,69,신발/잡화,9900,ALL,데일리 봄신상 양말/페이크삭스 남자여자덧신발목중목
19900,69,신발/잡화,19900,ALL,[카파키즈]카파키즈 새학기 아동 슬리퍼/운동화 모음전
4900,69,신발/잡화,4900,ALL,[팬콧키즈]10%할인쿠폰/신학기실내화/학생실내화/유아실내화
53760,4,컴퓨터/전자,53760,ALL,[위닉스](정품) 공기청정기필터 AES330 전용필터 CAF-A0S3
236610,1,컴퓨터/전자,236610,ALL,[블루스카이]최대혜택가 17.9만 삼성 공기청정기 AX40R3030WMD
380000,5,컴퓨터/전자,380000,ALL,LG G패드5 10.1 LMT600 태블릿PC LTE 실구매가30만원
59000,66,도서/음반,59000,ALL,푸름이닷컴 푸름이 시리즈 (전20종)
21000,0,도서/음반,21000,ALL,(신사고) 쎈연산/일일독해+일일어휘/일일사회+일일과학/우공비중학국어 학년별 선택구매
44000,8,도서/음반,44000,ALL,(천재교육) 우등생 해법 / 똑똑한 하루 독해 단계별 선택구매
14900,69,가구/침구,14900,ALL,[쁘리엘르]3중직 암막커튼1+1 대형 중형 방한커튼 커튼봉 부자재
10900,63,가구/침구,10900,ALL,[코코도르]디퓨저 1+1+1 세트/선물추천/방향제/새해
176930,0,가구/침구,176930,ALL,[시디즈]시디즈 S500ACF new 링고 고정형+발받침
24900,70,가구/침구,24900,ALL,에코항균 순면 어린이집 낮잠이불세트 일체형 분리형
25300,0,여행,25300,ALL,|카드10%할인|제주 아쿠아플라넷 입장권/제주도/제주여행/아쿠아리움/제주아쿠아/입장권
23900,48,여행,23900,ALL,(공식판매처) 에버랜드 종일 오후권(~20/3/15)
170000,0,여행,170000,ALL,평창 휘닉스 스노우파크 S시즌권/스프링시즌권/휘닉스파크/스노우파크/스키/보드/시즌권
30000,46,여행,30000,ALL,(공식판매처)얼리버드 에버랜드 종일권(~20/6/30)
980,30,e쿠폰/티켓,980,ALL,[GS25](스마일클럽) 빙그레) 바나나우유240ml
28950,3,e쿠폰/티켓,28950,ALL,[구글플레이](카드가능) 기프트코드 3만원 / 구글 기프트카드
48250,3,e쿠폰/티켓,48250,ALL,[구글플레이](카드가능) 기프트코드 5만원 / 구글 기프트카드
10000,0,e쿠폰/티켓,10000,ALL,[이디야커피](이디야커피) 모바일 1만원권+15%캐시백
9900,56,화장품/헤어,9900,ALL,[입큰]스킨피니쉬팩트 본품+리필/BEST팩트 본품 균일가
31400,0,화장품/헤어,31400,ALL,[뉴트로지나]바디에멀젼 310ml 3개
15800,50,화장품/헤어,15800,ALL,[온더바디]퓨어시카 베이비파우더 바디워시 1000ml 2개
15900,69,유아동/출산,15900,ALL,[또래친구]봄신상 상하복9900원~신학기/주니어/바바리/코트
31200,35,유아동/출산,31200,ALL,스콜라스틱 파닉스리더스 A~F 워크북 세트
5900,69,유아동/출산,5900,ALL,봄신상/국산/아동/내복/실내복/30수/주니어/내의/잠옷
20900,30,식품,20900,ALL,[진라면]진라면 순한맛 / 매운맛 40개
13600,12,식품,13600,ALL,[고향만두]해태 고향만두1200g+1200g 슈퍼세일 쿠폰적용 10600원
26900,10,식품,26900,ALL,[신라면]신라면 멀티 40개입 라면/봉지라면
9900,69,패션의류,9900,ALL,코코리겨울~간절기 쭉입기좋은 롱티박스티원피스
14000,69,패션의류,14000,ALL,[행텐]행텐/행텐주니어 본사직영 봄신상/간절기 득템
9900,69,패션의류,9900,ALL,요즘에/봄신상12%할인/청바지/슬랙스/빅사이즈
20900,0,스포츠/자동차,20900,ALL,30매세트 특가 3D 입체마스크 30장 특가 연예인 마스크
18900,69,스포츠/자동차,18900,ALL,[카파]카파 봄맞이 트레이닝복 상하세트/맨투맨/후드/팬츠
189000,50,스포츠/자동차,189000,ALL,[파인뷰]파인뷰 X500 FHD/FHD 블랙박스 NEW 32GB 메모리업 설치
44900,0,생활/주방/건강,44900,ALL,(재고확보)KF94 마스크/미세먼지/ 10매set(개별포장)
29900,14,생활/주방/건강,29900,ALL,[나무야나무야]나무야 도톰한 3겹데코 30m 30롤 3팩/화장지/휴지
11700,60,생활/주방/건강,11700,ALL,올 바른생활 프리미엄 손소독제 3개 세트 에탄올 70%
6900,0,생활/주방/건강,6900,ALL,나노 필터 리필 마스크 KIFA인증 99.9% 완벽차단 10매
22840,21,신발/잡화,22840,ALL,[디키즈](광주신세계)  남여공용 3 COMBO 백팩(DMP5UBSB512)
50000,49,신발/잡화,50000,ALL,[금강제화]금강제화 봄신상 남성화 여성화 모음
71100,70,신발/잡화,71100,ALL,[랩]랩 봄신상 BEST 가방/자켓/트렌치/원피스 ~50%할인
9900,0,신발/잡화,9900,ALL,[카카오프렌즈]신학기 카카오 MLB 실내화 슬리퍼 모음
21900,8,컴퓨터/전자,21900,ALL,[신지모루]OG 차량용 고속 무선충전 전자동 거치대
15900,14,컴퓨터/전자,15900,ALL,화이트스틱 USB메모리 64G 1+1 벌크포장 외장메모리
10000,50,컴퓨터/전자,10000,ALL,카카오 갤럭시노트10 9 8S 플러스 아이폰11 프로 맥스
44900,0,도서/음반,44900,ALL,(세트/앨범3종) 아이즈원(IZONE) -  정규1집 BLOOMIZ
99000,45,도서/음반,99000,ALL,씨투엠에듀  지오플릭 교구 (가이드북포함)
72000,0,도서/음반,72000,ALL,2/21 {신나라제작특전4개} SET(앨범4종+포스터4종+지관통) 방탄소년단 (BTS) - Map Of The Soul : 7
23900,69,가구/침구,23900,ALL,[쁘리엘르]간절기 침구/순면 차렵 이불/패드세트/마이크로화이바
139000,29,가구/침구,139000,ALL,[한샘]샘키즈 수납장 1305/1005 총출동
19900,66,가구/침구,19900,ALL,하우슬립/올리비아데코 극세사 차렵이불 모음전
9900,70,가구/침구,9900,ALL,[르헤브]2+2 피톤치드 항균 베개솜/구름 베개솜/베개/베개커버
16900,0,여행,16900,ALL,포천 베어스타운 스키장 리프트권 오픈
29000,38,여행,29000,ALL,[한화리조트](문자)설악워터피아 하이시즌 이용권(12/14~20/3/1)/스파밸리/속초워터피아/속초/강원도/워터파크
31000,0,여행,31000,ALL,[비발디파크](카드즉시할인10%)강원 홍천 비발디파크 리프트권(문자발송)
31000,0,여행,31000,ALL,1920 하이원리조트 리프트권(~3.1)
8500,15,e쿠폰/티켓,8500,ALL,[커피빈]커피빈 모바일 1만원권  / 스마일페이
30000,0,e쿠폰/티켓,30000,ALL,(쿠우쿠우) 3만원권 + 8%캐시백
30600,10,e쿠폰/티켓,30600,ALL,[투썸플레이스](투썸플레이스) 스트로베리 초콜릿 생크림 1호
9650,3,e쿠폰/티켓,9650,ALL,[구글플레이](카드가능) 기프트코드 1만원 / 구글 기프트카드
15000,50,화장품/헤어,15000,ALL,[토니모리]신학기맞이 토니모리 토니데이 베스트~82%+커피쿠폰
32480,0,화장품/헤어,32480,ALL,[치노시오야]치노시오야 내추럴포어 클렌징 오일
19000,0,화장품/헤어,19000,ALL,3+1명품향 니치향수G
12900,0,유아동/출산,12900,ALL,[핑크공주]어린이 유아 매니큐어 3개 골라담기 여아 선물 세트
5900,69,유아동/출산,5900,ALL,[릴리푸리]여아 봄신상 오픈세일 티셔츠 치마 레깅스 원피스外
39110,20,유아동/출산,39110,ALL,[아디다스키즈](신세계본점)[아디다스키즈] 인펀트 트레이닝 상하세트 2종
23800,12,식품,23800,ALL,[제주삼다수]제주삼다수 2L 24병/생수전문배송
52900,16,식품,52900,ALL,경기미 추청 아끼바레 쌀 10kg+10kg 19년산 (박스포장)
20900,30,식품,20900,ALL,[진라면]진라면 순한맛 20봉+매운맛20봉
8900,59,패션의류,8900,ALL,[크리스크리스티]NII 2020 봄신규 맨투맨 외 단독특가 + 20% 추가할인
10900,69,패션의류,10900,ALL,[탑텐]탑텐/테이트 봄 이너외 ~90%
7900,69,패션의류,7900,ALL,시스터 봄신상 빅사이즈55~88원피스/롱티/팬츠/세트
9900,70,패션의류,9900,ALL,[다온샵]봄신상12% 청바지/밴딩/슬랙스/빅사이즈/스키니/일자
16900,0,스포츠/자동차,16900,ALL,3D입체 면 마스크 블랙2+화이트1개 검정 패션 연예인
15600,20,스포츠/자동차,15600,ALL,[네파][네파] 트리플팩 남여공용 라운드 티셔츠 7FG5300
14900,0,스포츠/자동차,14900,ALL,10매세트 순면 3D 입체마스크 면100% 10장세트 마스크
23240,17,스포츠/자동차,23240,ALL,COZYLON 항균+살균+미세먼지 황사마스크(한가족 세트)
20900,21,생활/주방/건강,20900,ALL,[릴리유]릴리유 퓨어핑크 아기물티슈 캡 72매 20팩 E
23900,0,생활/주방/건강,23900,ALL,[힐링팩토리]에어로 3D 마스크 블랙 에어가드 세척후 재사용
9900,23,생활/주방/건강,9900,ALL,[시크릿데이]베스트셀러 러브 생리대 외 전라인/오버나이트
10,0,신발/잡화,10,ALL,헤어고무줄 30P 머리끈 헤어끈  머리고무줄 헤어밴드
29700,10,신발/잡화,29700,ALL,플로쥬 소가죽 보니슬립온
6900,70,신발/잡화,6900,ALL,[가나양말]남자 여자 발목 덧신 페이크삭스 뮬 블로퍼 샌들 양말
28500,13,컴퓨터/전자,28500,ALL,샤오미 체지방 체중계 2세대 XMTZC05HM
199700,33,컴퓨터/전자,199700,ALL,[샤오미]드리미 dreame 무선 청소기 V10 한글판 국내 a/s
53760,4,컴퓨터/전자,53760,ALL,[제로](정품) 공기청정기필터 제로 2.0 전용필터 CAF-G0S6
55720,0,도서/음반,55720,ALL,꿈꾸는달팽이-디즈니 프린세스 무비 스토리북 (전6권)
25200,10,도서/음반,25200,ALL,[기탄교육]기탄 사고력 수학 세트 외 시리즈 선택(기탄수학/국어/한글/영어/한자/떼기시리즈)
43500,33,도서/음반,43500,ALL,씨투엠 수학 교구상자 펜토미노턴/큐브빌드/머긴스빙고/폴리스퀘어  선택구매(워크북포함)(NEW)
8900,69,가구/침구,8900,ALL,피그먼트 워싱 매트리스커버 누빔 방수 순면 매트커버
93900,47,가구/침구,93900,ALL,[상일리베가구](최대혜택가 70430원)아이언 철제 드레스룸 행거 옷장
20000,20,여행,20000,ALL,(문자발송)3월/테르메덴/풀앤스파/이천/이천테르메덴/스파/온천/종일권/나이트스파권
83200,0,여행,83200,ALL,오크밸리리조트(강원도/문막/원주/스키장)
17000,0,여행,17000,ALL,(문자발송) 어린이대공원 자유이용권/능동/서울/데이트코스/놀이동산/테마파크
10000,0,e쿠폰/티켓,10000,ALL,[맘스터치](맘스터치) 모바일 1만원권+10% 캐시백
28030,0,e쿠폰/티켓,28030,ALL,핀/카드/평일발송/컬쳐랜드/도서/해피머니문화 상품권
27900,7,e쿠폰/티켓,27900,ALL,(아웃백/이디야)Pays 외식/카페 결합 금액권 3만원권
16900,0,화장품/헤어,16900,ALL,[롬앤]롬앤 인기컬러 특가전1+1 틴트 립스틱 쿠션
20000,0,화장품/헤어,20000,ALL,[ahc]AHC 2월 브랜드위크/2만원 균일가전
13900,69,유아동/출산,13900,ALL,[크록스키즈]크록스키즈 아동 새학기준비 맨투맨/팬츠/트레이닝
19900,69,유아동/출산,19900,ALL,[카파키즈]카파키즈 새학기 아동 슬리퍼/운동화 모음전
74100,5,유아동/출산,74100,ALL,(3월4일출고)(와이즈만북스) 미래가 온다 시리즈 1~6권 세트(전6권)
48500,9,식품,48500,ALL,단일품종 신동진 쌀 20kg 19년산 (당일도정)
25440,1,식품,25440,ALL,[CJ] 비비고 왕교자 1.05kgx4봉 + 찐만두 168g 증정
8900,69,패션의류,8900,ALL,글램공감/브라1+팬티2/속옷세트/빅사이즈/여성속옷
14900,69,패션의류,14900,ALL,시크루즈/10%/봄신상/원피스/롱원피스/빅사이즈
16900,61,스포츠/자동차,16900,ALL,아디다스/뉴발란스/리복 슬리퍼/운동화/백팩 50종
15000,69,스포츠/자동차,15000,ALL,[웨스트우드]웨스트우드 기본티셔츠/집업/팬츠 베스트전
10900,50,생활/주방/건강,10900,ALL,[도리도리]도리도리 아기물티슈 100매캡 10팩+10팩 대용량 특가
16900,62,생활/주방/건강,16900,ALL,강블리라이프 블링 휴 30M 3겹 30롤 X 2팩/화장지/휴지
41900,0,신발/잡화,41900,ALL,[아디다스네오]네오 슬립온 2020 신상 전사이즈 균일가
24230,16,신발/잡화,24230,ALL,[쇼핑엔티단독 ] 조이풀 아델라 슬립온 시즌2
399000,0,컴퓨터/전자,399000,ALL,[에이수스]라이젠노트북ASUS X512DA-BQ473 2020년형 인기노트북
448000,0,컴퓨터/전자,448000,ALL,[에브리봇]에브리봇 로봇청소기 3i /강력흡입모터
67900,0,도서/음반,67900,ALL,2/21 {신나라제작특전1개} SET(앨범4종+포스터4종+지관통) 방탄소년단 (BTS) - Map Of The Soul : 7
67900,0,도서/음반,67900,ALL,(2/21)(제작특전 종료)(PKG) BTS(방탄소년단) - MAP OF THE SOUL 7 (POSTER)
25500,15,가구/침구,25500,ALL,[다니카]초특가 신학기 학생 사무용 컴퓨터 의자 신상품 추가
8900,69,가구/침구,8900,ALL,[쁘리엘르]유아 누비 방수패드 온가족용 방수매트 방수요
55090,7,가구/침구,55090,ALL,까사앤지오 베개 시즌2 본품2+커버2+전용세탁망2
242000,0,여행,242000,ALL,"|최대20만원할인|파라다이스호텔&리조트, 파라다이스시티(인천 호텔/중구/인천국제공항(중구)"
43000,43,여행,43000,ALL,(공식판매처) 에버랜드 종일권+감성교복 기본세트(20/2/1~3/15)
19900,56,여행,19900,ALL,(공식판매처) 에버랜드 초특가 자유이용권(~20/3/31)
28500,5,e쿠폰/티켓,28500,ALL,[컬쳐랜드문화상품권](편의점통합) 모바일금액권 3만원/ 캐쉬충전불가
28500,5,e쿠폰/티켓,28500,ALL,[GS수퍼마켓](GS수퍼마켓) 금액권 3만원
31960,6,e쿠폰/티켓,31960,ALL,[투썸플레이스]투썸플레이스 스트로베리 초콜릿 생크림
19900,47,화장품/헤어,19900,ALL,[네이처카인드]비타민크림 500g 대용량/미백+주름개선+기미잡티+톤업
19900,15,화장품/헤어,19900,ALL,[케라시스]케라시스 대용량 샴푸/린스/바디워시 4000mlx2개
15900,62,화장품/헤어,15900,ALL,[레브론]레브론 수퍼러스트러스 립스틱 4개SET+사은품 증정
9900,70,유아동/출산,9900,ALL,[앤디애플]봄오픈/아동복/티셔츠/레깅스/가디건/원피스/신학기
8900,69,유아동/출산,8900,ALL,[키스포]7900부터 봄신상오픈 주니어의류/초등팬츠/트레이닝복
16900,0,식품,16900,ALL,[비비고]비비고 사골곰탕 500g 16개
11900,45,식품,11900,ALL,[켈로그]허쉬 초코크런치 다크초코 보너스팩 (400g+100g) 3봉지
15400,10,식품,15400,ALL,[동원참치]동원 라이트스탠다드 참치 85gx15+ 과일퓨레or카놀라유
9900,70,패션의류,9900,ALL,[트라이]여성팬티/여자팬티/팬티/여성속옷/여자속옷/면
9900,69,패션의류,9900,ALL,여성 청바지 스키니 일자 부츠컷 배기 팬츠 빅사이즈
15900,70,패션의류,15900,ALL,떳다그녀 봄신상/원피스/맨투맨/블라우스/트랜치
19000,62,스포츠/자동차,19000,ALL,[레노마골프]레노마골프 S/S 인기남녀 BEST 의류 잡화 45종 모음전
16900,0,스포츠/자동차,16900,ALL,3D입체 면 마스크 화이트3개 검정 패션 자전거 연예인
119000,55,스포츠/자동차,119000,ALL,[만도]무료장착 만도F2(16GB)풀HD 블랙박스 나이트비젼 ADAS
79000,0,생활/주방/건강,79000,ALL,KF80 KF94 일회용 마스크 50매 손소독제 황사
16970,50,생활/주방/건강,16970,ALL,엠씨 안면부 여과식 방진 마스트 HM-2050 2급 묶음(20
12300,21,생활/주방/건강,12300,ALL,[릴리유]릴리유 퓨어그린 아기물티슈 캡 80매 10팩 E
9800,69,신발/잡화,9800,ALL,힐슈빌 신상 슬립온 통굽 키높이 스니커즈
7500,70,신발/잡화,7500,ALL,[카파키즈]카파키즈 새학기 아동 실내화/슬리퍼/운동화 42종
23680,11,신발/잡화,23680,ALL,[돔바][돔바] 하이포인트/리브/마노아/블레이크/가프/윈/프레이 스니커즈 택1
1659000,0,컴퓨터/전자,1659000,ALL,[트롬]LG인증점 트롬 스타일러 S5MBA 살균 스팀 5벌
499000,3,컴퓨터/전자,499000,ALL,[다이슨]본사 무선 청소기 V8 플러피  3/9일 출고
72000,4,컴퓨터/전자,72000,ALL,[위닉스](정품) 공기청정기필터 타워XQ500 XQ600필터 CAF-E0S4
499000,9,도서/음반,499000,ALL,[웅진주니어]웅진주니어 우리 50/NEW 세계 그림책 베스트 100 선택
140000,16,도서/음반,140000,ALL,아이프렌드한자 (한자학습앱+워크북) | 한국어문회 | 패키지별 구매가능
30600,0,도서/음반,30600,ALL,[EBS교육방송](대박선물)EBS 만점왕세트 만점왕 1-1 2-1 3-1 4-1 5-1 6-1 만점국사과 (2020)
312000,20,가구/침구,312000,ALL,[한샘]아임빅 수납침대 외 슈퍼싱글침대 특가
16900,69,가구/침구,16900,ALL,[쁘리엘르]1+1 레이스커튼 슬라브커튼 쉬폰커튼 코디커튼
139000,29,가구/침구,139000,ALL,[한샘]샘키즈 수납장 1305 솜사탕블루 외 모음딜
17000,0,여행,17000,ALL,휘닉스평창 스노우빌리지 종일권
84000,0,여행,84000,ALL,|최대20만원할인|아르떼 리조트 스파 풀빌라(경남 호텔/사천/남해/진주/함양)
9000,10,e쿠폰/티켓,9000,ALL,[메가커피](스마일클럽) 메가커피 1만원권
770,30,e쿠폰/티켓,770,ALL,[GS25](스마일클럽) Y)틈새라면(용기)
9700,3,e쿠폰/티켓,9700,ALL,[컬쳐랜드문화상품권](카드가능)(컬쳐랜드) 문화상품권1만원권(ID바로충전)
10900,69,화장품/헤어,10900,ALL,[비버리힐스폴로클럽](1+1)비버리힐스 폴로클럽 멀티이펙트 올인원모이스쳐
21400,0,화장품/헤어,21400,ALL,[뉴트로지나]딥 클린 포밍 클렌저 175g 3개
26900,10,화장품/헤어,26900,ALL,[트리플에스]약산성 트리플에스 탈모샴푸 2000ml+250ml (무료샘플)
4900,69,유아동/출산,4900,ALL,[팬콧키즈]10%할인쿠폰/신학기실내화/학생실내화/유아실내화
7900,58,유아동/출산,7900,ALL,[그린핑거]그린핑거 전상품 골라담기+복수구매시 해피머니상품권
12900,70,유아동/출산,12900,ALL,[팬콧키즈]팬콧키즈 아동 봄신상 맨투맨/레깅스/팬츠 + 22%쿠폰
20100,10,식품,20100,ALL,[동원참치]마일드참치 200g x 10캔 /참치캔/동원참치/반찬
49900,9,식품,49900,ALL,[농협]보성다향미20kg/쌀20kg 2019농협쌀/백미20kg/당일도정
23120,20,식품,23120,ALL,[스팸]스팸 클래식 200g 10개
15900,59,패션의류,15900,ALL,[반에이크]봄 오픈 신상 미리보기 최대 94% SALE
18000,10,패션의류,18000,ALL,[레노마 레이디스]10%추가할인 레노마레이디 1/2/3만원 균일가 득템전
12900,70,패션의류,12900,ALL,스위트바니 봄신상5900원~롱원피스티/맨투맨/박스티
109650,15,스포츠/자동차,109650,ALL,[아디다스오리지널](신세계영등포점패션관)남여공용 오즈위고(EE6999_OZWEEGO)
6900,65,스포츠/자동차,6900,ALL,[에이티에이]브랜드 반값찬스 브라탑/요가티/바지/트랙자켓
59000,0,스포츠/자동차,59000,ALL,[휠라]코트 에이스 1TM00645116
11900,50,생활/주방/건강,11900,ALL,센스물티슈 데일리 100매 10팩+10팩 민트 캡형
32000,0,생활/주방/건강,32000,ALL,라짱  - A01 필터마스크 50매 마스크 일회용마스크
34900,67,신발/잡화,34900,ALL,엘칸토  20SS 신학기슈즈세일 플랫/펌프스/스니커즈
9900,70,신발/잡화,9900,ALL,[비너스]비비안 외 팬티스타킹10매 고탄력 기모 타이즈 학생
16740,0,신발/잡화,16740,ALL,방역모자 투명안면보호 바이러스 코로나 예방모자
251450,6,컴퓨터/전자,251450,ALL,[제로](최대 199000)위닉스 공기청정기 제로3.0 AZGE500-JWK
129000,0,컴퓨터/전자,129000,ALL,라피타 IPL 레이저 제모기 제모의료기기 JOC-9000
699000,6,컴퓨터/전자,699000,ALL,[삼성전자]삼성 노트북5 NT500R5Z-K78BA 최종54만 가성비노트북
198560,13,도서/음반,198560,ALL,JYBOOKS 노부영 사이트 워드 48종 풀세트
67900,0,도서/음반,67900,ALL,(세트/앨범4종+포스터4종+지관통증정) 방탄소년단 (BTS) - MAP OF THE SOUL : 7
55700,7,도서/음반,55700,ALL,보림출판사 수개념 그림책 4종
8900,69,가구/침구,8900,ALL,모노데일리 3종 도톰매트리스커버 S/SS/D/Q/K 균일가
76900,23,가구/침구,76900,ALL,[포스트모던]최대20%쿠폰 컴퓨터책상 독서실책상 학생책상 책꽂이
9900,70,가구/침구,9900,ALL,( 1+1 ) 3중직 암막커튼/암막/커텐/거실/창문/커튼봉
27400,50,여행,27400,ALL,(10%카드할인)(당일사용불가/문자발송) 제천해브나인힐링스파 종일권(~20/2/29)/리솜스파/제천스파
342590,0,여행,342590,ALL,HOTEL INDIGO HELSINKI - BOULEVARD
77000,0,여행,77000,ALL,|최대20만원할인|하이원리조트 마운틴콘도(강원 호텔/정선/평창/횡성/강원랜드/스키장)
193000,3,e쿠폰/티켓,193000,ALL,[구글플레이](카드가능) 기프트코드 20만원 / 구글 기프트카드
2574000,0,e쿠폰/티켓,2574000,ALL,아이스크림홈런 26개월 학습권 + 스마일캐시 적립 + 2개월 수강권추가
28500,5,e쿠폰/티켓,28500,ALL,[CU](CU) 모바일금액권 3만원/ 실시간발송
18000,50,화장품/헤어,18000,ALL,이니스프리립밤핸드크림 UP TO 50 이베이 특별증정
19900,21,화장품/헤어,19900,ALL,[티엔]AC 토너 230ml + 로션 190ml
30000,0,유아동/출산,30000,ALL,[메디록스]메디록스 4리터  1개 고수준 살균소독제  순차발송
9900,59,유아동/출산,9900,ALL,[트라이]아동팬티/속옷/런닝/유아/주니어/남아/여아/드로즈
8900,69,유아동/출산,8900,ALL,[바브키즈]바브키즈 봄신상 상하복 8900원부터
45500,9,식품,45500,ALL,강블리라이프 쌀 블링미 20kg/2019년 햅쌀 당일도정
34800,20,식품,34800,ALL,[맥심]모카골드 커피믹스 160T+160T +사은품랜덤/쿠폰가31800
17000,0,식품,17000,ALL,[포스트](해외)오레오오즈500g X 2팩+사은품/허니오즈/씨리얼
17900,69,패션의류,17900,ALL,브리치X씨샵인더룸 봄신상 간절기 셔츠/니트/맨투맨
14900,69,패션의류,14900,ALL,슈프림 기모맨투맨 티셔츠 후드티 남자여자 후리스 옷
10000,69,패션의류,10000,ALL,[예스]예스외 봄 신상 가득 오픈+역대급 쇼핑혜택
59000,0,스포츠/자동차,59000,ALL,[휠라]코트 에이스 1TM00645154
21900,69,스포츠/자동차,21900,ALL,[나이키]나이키/언더아머 특별구성 맨투맨 반팔티 외
9900,67,스포츠/자동차,9900,ALL,[마코]남여 골프웨어 봄 OPEN 할인전 티셔츠/점퍼/팬츠
25000,0,생활/주방/건강,25000,ALL,AEGIS 마스크 KF94/교체형 필터/미세먼지/바이러스
29900,0,생활/주방/건강,29900,ALL,[아토세이프]손소독제 100ml 5개/소독용에탄올/휴대용/세정제
29800,0,생활/주방/건강,29800,ALL,일회용 마스크 50매 / 국산순면 마스크 40매 / 소독제
3900,69,신발/잡화,3900,ALL,판매1위 2020 봄 신상 은침귀걸이 롱 드롭 세트
39900,70,신발/잡화,39900,ALL,[아키클래식]샤인 시리즈/키높이운동화 어글리슈즈 스니커즈
11790,0,신발/잡화,11790,ALL,[투원] 봄 신상 스니커즈/플랫/로퍼 단화 특가
139000,0,컴퓨터/전자,139000,ALL,[샤오미]샤오미 Amazfit GTR스마트시계-글로벌버전/무배
999000,5,컴퓨터/전자,999000,ALL,[퓨리케어]LG인증점 퓨리케어 360 공기청정기 AS280DWFC
109200,9,컴퓨터/전자,109200,ALL,[쿠첸]6인용 전기압력밥솥 CJS-FA0601V  음성안내 뚜껑분리
13050,10,도서/음반,13050,ALL,(예스24) 베스트 추천도서31 - 흔한남매/지적 대화를 위한 넓고 얕은 지식/스스로 행복하라 외 선택구매
204000,0,도서/음반,204000,ALL,[동아사이언스]어린이과학동아 1년 정기구독 (24권)
67900,0,도서/음반,67900,ALL,(2/21)(SET/YES24예약특전+POSTER+TUBE) BTS(방탄소년단) - MAP OF THE SOUL 7 (YES24 Special Benefit)
33000,0,가구/침구,33000,ALL,[아라홈]코잠배개 경추 메모리폼 낮은 숙면 기능성 목이편한
35900,40,가구/침구,35900,ALL,[하포스]통세탁가능 기절 마약매트리스/토퍼
140000,18,가구/침구,140000,ALL,[리바트온라인]리바트온라인 꼼므 1200 아이책상 + 유아의자
10000,9,여행,10000,ALL,대전오월드 자유이용권 (~20/2/29) /대전/가족여행/오월드/겨울
43900,0,여행,43900,ALL,SRT 할인티켓/승차권/편도(수서부산) + 스타벅스 커피 교환권
6900,0,여행,6900,ALL,포천 베어스타운 눈썰매장 하이시즌
24750,25,e쿠폰/티켓,24750,ALL,[T데이터쿠폰](SK텔레콤) T데이터쿠폰 5GB
27000,10,e쿠폰/티켓,27000,ALL,[에그머니](카드가능)(에그머니) 온라인 게임상품권 3만원
17730,0,화장품/헤어,17730,ALL,클린앤클리어 에센셜 훼이셜 포밍 클렌저 150ml 3개입
11900,15,화장품/헤어,11900,ALL,[무궁화때비누]무궁화 샤워때비누 500ml 3개+샘플 5매
11670,1,화장품/헤어,11670,ALL,[헤드앤숄더]헤드앤숄더 850ml 2개 + 미니어처 증정
23900,3,유아동/출산,23900,ALL,[쿠잉]쿠잉 팬티형 특대형(26매x 4팩) 기저귀
30900,0,유아동/출산,30900,ALL,[슈퍼대디]리얼소프트 팬티/밴드 기저귀 모음/미스터펭/리얼슬림
9900,70,유아동/출산,9900,ALL,쁘띠뮤 신학기 원피스/상하복/레깅스/점퍼 50종 4900~
15900,0,식품,15900,ALL,유기농 유유로 만든 우유앙빵 35g x 30개 /행사중
22500,21,식품,22500,ALL,[프렌치카페]카페믹스/믹스커피/ 프렌치카페 커피믹스 300T+블랙20T
52900,9,식품,52900,ALL,강화섬쌀 삼광쌀 10kg+10kg 19년산 (박스포장)
5900,69,패션의류,5900,ALL,더다다 봄신상 빅사이즈 롱티셔츠/셔츠/원피스
14900,67,패션의류,14900,ALL,피핀 봄신상 팬츠/티셔츠/니트/원피스/빅사이즈
12900,70,패션의류,12900,ALL,에이블린 봄신상 미리보기/원피스/니트/스커트/하객룩
10900,0,스포츠/자동차,10900,ALL,10매세트 특가 3D 입체마스크 10장세트 연예인 마스크
50900,53,스포츠/자동차,50900,ALL,[엠피온]엠피온 SET-525 무선하이패스 태양광충전 거치대증정
11900,0,생활/주방/건강,11900,ALL,[현대]오늘 천연펄프100% 각티슈 180매 12개 박스포장
6900,31,생활/주방/건강,6900,ALL,순살고등어 150g 5팩
4900,69,신발/잡화,4900,ALL,12% 중복쿠폰 아동 신학기 캐릭터 EVA 면 실내화 덧신
38610,1,신발/잡화,38610,ALL,[MLB]신학기추천 MLB프리미엄 듀얼와치 손목시계3종
38600,3,컴퓨터/전자,38600,ALL,[샤오미]샤오미 미밴드4 한국판 정품 블랙/공식파트너
424900,0,컴퓨터/전자,424900,ALL,[블루스카이]혜택가 33만원대 삼성 공기청정기 AX60N5580WDD
20000,0,도서/음반,20000,ALL,슈퍼주니어 (Super Junior) - 응원봉 파우치 : 패키지 + 파우치 + 스트랩 키링 + 롱 스트랩 + D.I.Y 스티커 + 럭키카드  슈퍼주니어
44700,0,도서/음반,44700,ALL,SET(DARK+BLUE+LIGHT+포스터3종+지관통) 빅톤 (VICTON) - Continuous (미니앨범 6집)
4600,29,도서/음반,4600,ALL,데싱디바/선쿠션/아이라이너/클렌징워터 3월호 월간지
56800,55,가구/침구,56800,ALL,[에이블루]커블체어 와이더 20년형 자세교정의자 출시
5610,1,가구/침구,5610,ALL,손세정 알콜 손소독 500ml 천연발효주정 에탄올 80%
69000,0,여행,69000,ALL,"|최대20만원할인||경남 호텔| 하운드 진해용원 (마산,진해)"
26000,0,여행,26000,ALL,[비발디파크](카드즉시할인10%)홍천 비발디파크 스노위랜드 입장권(문자발송)
80000,0,여행,80000,ALL,"강원 평창군 휘닉스 평창 리조트/휘닉스,휘닉스 평창,휘닉스파크,애견동반,펫룸,애견동반객실,블루캐니언"
9100,9,e쿠폰/티켓,9100,ALL,[CGV](CGV) 영화관람권 1매/예매권/영화티켓/전일 사용가능
4830,3,e쿠폰/티켓,4830,ALL,[구글플레이](카드가능) 기프트코드 5천원 / 구글 기프트카드
9500,5,e쿠폰/티켓,9500,ALL,[컬쳐랜드문화상품권](편의점통합) 모바일금액권 1만원/ 캐쉬충전불가
15900,61,화장품/헤어,15900,ALL,[아임미미]아임미미 신상 틴트 런칭 특가전 ~61%
10000,8,화장품/헤어,10000,ALL,[라벨영]쇼킹 티트리스팟 /말썽+예민피부/진정/
8500,0,유아동/출산,8500,ALL,[베베당] 무료배송  [베베당] 유아과자 떡뻥5봉+못난이떡뻥2봉
110000,0,유아동/출산,110000,ALL,[블랙야크키즈](신세계센텀점)[블랙야크키즈] 2020년 S/S 신상 트레이닝 상하복 BK액티브세트
19900,0,식품,19900,ALL,[마니커]바사삭치킨한마리 500gx3봉/쿠폰적용가 15900원 .
15900,23,식품,15900,ALL,[웅진]빅토리아  플레인 500ml x 40개입
29900,62,패션의류,29900,ALL,중복12%쿠폰 빅사이즈 트렌치코트/셔츠/니트
9900,70,패션의류,9900,ALL,12%쿠폰 달리샵 봄신상 미리보기 원피스/니트
12900,70,패션의류,12900,ALL,쏭스타일 롱티.루즈핏.박스티.신상특가
37790,0,스포츠/자동차,37790,ALL,[아디다스]아디다스 아동화 슈퍼스타 360 I (EF6629)
19920,20,스포츠/자동차,19920,ALL,[아디다스](신세계센텀점)[UNISEX SWIM] 아딜렛 컴포트/아디사지 TND 6종 (CG3425 S82137 AP9971 EG1850 B44870 F3...
30900,50,생활/주방/건강,30900,ALL,[베베숲]아기물티슈 프리미어 캡 70매 20팩 70gsm
13800,0,생활/주방/건강,13800,ALL,치간칫솔/치실/혀클리너/유아용치실 구강용품모음전
33900,21,생활/주방/건강,33900,ALL,[크리넥스]데코 앤 소프트 화장지 27M30롤X2팩/휴지
4800,0,신발/잡화,4800,ALL,네오플랜 마스크/유아동/성인 FREE
7900,69,신발/잡화,7900,ALL,프롬산타 국내생산 양말/중목 남자여자덧신발목학생
38110,4,컴퓨터/전자,38110,ALL,1+1  자바스 칫솔살균기 UTC52AW
93180,1,컴퓨터/전자,93180,ALL,[삼성전자]최대혜택가 7만원대 삼성 전자레인지 MS23K3513AW
98560,33,도서/음반,98560,ALL,(글뿌리) 생각을 뒤집는 반전동화 | 놀부전(교과수록) 포함
355700,28,도서/음반,355700,ALL,(쿠폰적용가 249.000원) howso 필독도서 세계명작문학 전100권 양장본 세트
12800,69,가구/침구,12800,ALL,(특가) 침대커버 누빔매트리스커버 패드 이불 베개
19900,67,가구/침구,19900,ALL,오가닉 호텔식 차렵침구/방수패드/블랭킷 모음
31900,46,가구/침구,31900,ALL,[우드윅]더스윗캔들워머+양키캔들or우드윅/전구2개/디퓨저향초
480200,0,여행,480200,ALL,[부산출발-빈펄랜드포함]베트남 다낭/호이안+바나산국립공원 5일
399000,0,여행,399000,ALL,[구름도 머물다 가는곳]라오스 비엔티엔/방비엥 4일/5일
73920,0,여행,73920,ALL,|최대20만원할인|라마다 속초(강원 호텔/속초/강릉/양양/고성)
9900,23,e쿠폰/티켓,9900,ALL,[미스터피자](미스터피자) 피자뷔페 1인권 / 17개 직영점 전용
10000,0,e쿠폰/티켓,10000,ALL,[GS25](GS25) 모바일금액권 1만원권 + 7%캐시백
9900,47,화장품/헤어,9900,ALL,맥퀸뉴욕 1+1+1 프로핏 젤 아이라이너/2월 신상~75%
11400,50,화장품/헤어,11400,ALL,[미쟝센]미쟝센 퍼펙트세럼 트리트먼트 180ML X4
120000,0,유아동/출산,120000,ALL,비접촉식 체온계 적외선 체온계 유아동체온계
29100,3,유아동/출산,29100,ALL,[메디록스]메디록스s 4리터 1개  Medilox 고수준 살균제
30000,0,유아동/출산,30000,ALL,[메디록스]메디록스 살균소독제 기구등 다용도 어린이집 유치원
11790,0,식품,11790,ALL,[미스타셰프]미스타셰프 육개장 600g 4팩/증정_쿠폰적용시8520
15900,15,식품,15900,ALL,생생빵상회 크로와상외 7종 2봉+1봉+이벤트
16900,27,식품,16900,ALL,[오뚜기]오뚜기 참치/야채/고추 150g 12캔
10900,69,패션의류,10900,ALL,체리온 봄신상 입고 롱티/기모후드/기모맨투맨/55~88
3900,69,패션의류,3900,ALL,비니수 기획특가 가을신상모음전
2880,0,패션의류,2880,ALL,남여공용 베이직 라운드 반팔 티셔츠 8컬러
15650,19,스포츠/자동차,15650,ALL,[네파][네파] 남여공용 트리플팩 라운드 티셔츠 7FG5300199
37900,0,스포츠/자동차,37900,ALL,순면 100% 30매세트 3D 입체마스크 순면100% 30장세트
4400,20,스포츠/자동차,4400,ALL,고급 면 마스크 패션마스크 5+1 국내 직접 생산
15900,50,생활/주방/건강,15900,ALL,아이러브베베물티슈 아이보리72매캡형X20팩
28900,0,생활/주방/건강,28900,ALL,호남평야의 좋은쌀 신동진(19년도햅쌀  상등급)10kg
5900,0,생활/주방/건강,5900,ALL,의약외품 에탄올 70% ATOREN 손소독제500ml 대용량
24900,68,신발/잡화,24900,ALL,[세스띠]CESTI 2월 BIG SALE 남/여화 최대 88% + 22%쿠폰
24900,70,신발/잡화,24900,ALL,[페이퍼플레인키즈]아동화 유아 아동 신발 남아 여아 어린이 슈즈 실내화
511500,7,컴퓨터/전자,511500,ALL,[아이디어패드]Lenovo S340-14API 라이젠 R5 DOS 8gb+256gb 최종 44만
19800,12,컴퓨터/전자,19800,ALL,폴톤퓨리 100ml 4개 휴대용손소독제/손세정제
159000,9,컴퓨터/전자,159000,ALL,[샤오미](최대 139920) 국내배송 샤오미 미에어 3H 공기청정기
40500,10,도서/음반,40500,ALL,Grammar Cue 1~3 set  / Grammar Cue Plus 1~3 set
28400,0,도서/음반,28400,ALL,(학습지 day) 하루한장 (선택구매)
2574000,0,도서/음반,2574000,ALL,아이스크림홈런 26개월 학습권 + 스마일캐시 적립 + 2개월 수강권추가
19900,66,가구/침구,19900,ALL,[쁘리엘르]패브릭 쇼파커버 1인용~4인용/투웨이스트레치/스판
166130,0,가구/침구,166130,ALL,[시디즈]시디즈 T20 TAB+(탭플러스) TX200HF 메쉬의자
21900,67,가구/침구,21900,ALL,[아망떼]어린이집 순면 낮잠이불/알러지케어 낮잠이불
191080,0,여행,191080,ALL,"|최대20만원할인||경기 호텔| 롤링힐스 호텔 (평택,송탄,화성,안성)"
138600,0,여행,138600,ALL,"|최대20만원할인||강원 리조트| 롯데리조트 속초 (속초,양양,고성)"
8900,11,e쿠폰/티켓,8900,ALL,[죠스떡복이](스마일클럽) 1만원권 (바르다김선생/죠스떡볶이 등)
29460,1,e쿠폰/티켓,29460,ALL,[컬쳐랜드문화상품권](카드가능)(컬쳐랜드)(PIN발송) 온라인상품권 3만원
14480,3,e쿠폰/티켓,14480,ALL,[구글플레이](카드가능) 기프트코드 1만 5천원 / 구글 기프트카드
19200,20,화장품/헤어,19200,ALL,[피카소브러쉬]피카소꼴레지오니 전제품 20% 브랜드 세일
27000,10,화장품/헤어,27000,ALL,[닥터방기원]랩 탈모샴푸 1LX3+랩토닉150ml
10000,54,화장품/헤어,10000,ALL,[폰즈]페이셜폼 퓨어 화이트 100g 3개+BB파우더 2개증정
191430,10,유아동/출산,191430,ALL,한얼교육 NEW 리더십 동화 (전70종)
7900,69,유아동/출산,7900,ALL,신학기룩4900원~ 상하복/티셔츠/팬츠/원피스
25500,0,유아동/출산,25500,ALL,[호호에미]친환경세제 아기세제 유아 세제 섬유유연제 천연세제
26010,10,식품,26010,ALL,[파스퇴르]무항생제 인증 바른목장 우유(190ml 48입)/멸균우유/ 파스퇴르
26700,0,식품,26700,ALL,[연세우유]연세우유 멸균우유 48팩
29900,0,패션의류,29900,ALL,[스파오]펭-하  스파오X펭수 콜라보 출시 
12900,69,패션의류,12900,ALL,로드블링 10%/12%쿠폰 국내생산 봄신상/롱원피스/세트
29900,69,패션의류,29900,ALL,[솔로이스트]22%쿠폰 봄 신상 할인 원피스/자켓 외 UTCJ2H01
24900,68,스포츠/자동차,24900,ALL,[아디다스]아디다스 나이키外 트레이닝복 팬츠/기모팬츠 모음
60000,68,스포츠/자동차,60000,ALL,[노스페이스화이트라벨]2020 봄신상 인기 맨투맨/반팔티/집업/슬리퍼/책가방
22500,46,스포츠/자동차,22500,ALL,[안다르]안다르 S/S 다이어트 특가DAY
29800,0,생활/주방/건강,29800,ALL,지솔 대용량 무알콜 향균소독제 마스크 재사용 특화
17400,0,생활/주방/건강,17400,ALL,1+1 500ml 손세정제 손소독제 병원의약외품 클린투클린
10000,69,신발/잡화,10000,ALL,신상 본품 1+1 균일가/14K GP 진주 링 드롭귀걸이
790,0,신발/잡화,790,ALL,쭈니쭈앙9900원무배~ 패션양말학생발목여자덧신캐릭터
159000,0,컴퓨터/전자,159000,ALL,[아이닉](쿠폰127200원)아이닉 스텐 에어프라이어 대용량 16L
1353000,0,컴퓨터/전자,1353000,ALL,[삼성전자]갤럭시 S20 플러스 자급제폰 256GB LTE/5G 호환 공기계
42840,10,도서/음반,42840,ALL,(할인)팩토/소마셈/창의력수학/사고력수학/킨더/키즈/팩토슐레/초등문제집
14900,58,가구/침구,14900,ALL,[아망떼]고밀도 순면 매트리스커버/침대패드/침대커버
39900,66,가구/침구,39900,ALL,방송히트 웅가로 암막커튼 창고 대방출 (중형~특대)
19000,29,여행,19000,ALL,(문자발송/당일사용가능) 롯데월드 서울스카이 전망대 2월 이용권 (2.1~3.3)
69000,0,여행,69000,ALL,"강원 속초시 켄싱턴리조트 설악비치/속초,고성,켄싱턴리조트,설악비치,켄싱턴,켄싱턴설악,캔싱턴"
28500,5,e쿠폰/티켓,28500,ALL,[GS25](GS25) 모바일 3만원권
95000,0,e쿠폰/티켓,95000,ALL,현대/롯데/신세계백화점상품권/롯데마트/이마트10만
56950,15,화장품/헤어,56950,ALL,[닥터자르트]20%중복 닥터자르트 브랜드 빅세일전
12000,70,유아동/출산,12000,ALL,[컬리수](특별 쿠폰) 컬리수 S/S 봄의류 특별 세일
41900,0,유아동/출산,41900,ALL,[하기스]2020 NEW 하기스 기저귀/매직핏/보송보송/팬티
18900,10,식품,18900,ALL,(착한마켓) 착한 양배추즙 100포 통양배추/팜조은식품
9800,12,식품,9800,ALL,[백산수]백산수 2L 12병 / 생수전문배송
6900,70,패션의류,6900,ALL,블론디44~77 여자기모롱티/7부/트레이닝/빅사이즈
6900,70,패션의류,6900,ALL,[컬럼비아]컬럼비아 남여 브라/팬티/드로즈 특가
5000,68,스포츠/자동차,5000,ALL,[테슬라]테슬라 요가복 요가바지 티셔츠 필라테스복 운동복
9900,23,스포츠/자동차,9900,ALL,[불스원]RAINOK 빗물을 튕겨주는 발수 와이퍼 2개입
30900,21,생활/주방/건강,30900,ALL,[크리넥스]순수3겹 화장지 27M 30롤x2팩/휴지
9900,65,생활/주방/건강,9900,ALL,[락앤락]락앤락 주방용품 고무장갑 밀폐용기 몽땅 균일가전
36660,6,신발/잡화,36660,ALL,[버팔로](파격특가)버팔로 여성 소가죽 스퀘어엠보 로퍼
37900,69,신발/잡화,37900,ALL,[아키클래식]RS500 시리즈/키높이운동화 어글리슈즈 런닝화
938380,0,컴퓨터/전자,938380,ALL,[울트라PC]LG전자 울트라PC 15UD590-GX50K 마지막 하루 65만원대
34010,8,컴퓨터/전자,34010,ALL,[삼성전자]2만원대 삼성 무선 핸디 진공 청소기 VC-H22 무료배송
13500,0,도서/음반,13500,ALL,걷는달팽이 생생만들기 - 탈것나라 동물의왕국 공룡시대 / 세트구매시 사은품 증정(한정)
13000,0,도서/음반,13000,ALL,(3월4일출고)(와이즈만북스) 미래가 온다 시리즈 1~6권 낱권 선택구매
8900,69,가구/침구,8900,ALL,[쁘리엘르]1+1 발매트 키친매트 인테리어 면발매트 극세사발매트
14950,5,가구/침구,14950,ALL,네버랜드 DTP 키즈 러그 카페트 원색 100x150/ 웰러그
97900,0,여행,97900,ALL,|최대20만원할인|마리나베이 서울(경기 호텔/김포/고양/의정부/파주)
15000,0,여행,15000,ALL,(MMS(바코드)문자수신) 아쿠아필드 하남 (1/28~3/31) (찜질/스파/스타필드/워터파크/힐링/실내/사우나)
49500,0,여행,49500,ALL,|최대20만원할인||제주 호텔|  라마다 바이 윈덤 제주 더 함덕 호텔 (제주시)
9500,5,e쿠폰/티켓,9500,ALL,[CU](CU) 모바일금액권 1만원/ 실시간발송
10000,0,e쿠폰/티켓,10000,ALL,[세븐일레븐](세븐일레븐) 모바일금액권 1만원권 + 7%캐시백
30000,0,e쿠폰/티켓,30000,ALL,[파리바게뜨](파리바게뜨) 파바 모바일 3만원권
9900,1,화장품/헤어,9900,ALL,[과일나라]알로에 수딩젤 2+1 / 1150ml 알로에베라 98% 수분크림
9900,0,화장품/헤어,9900,ALL,SJ메디코스 핸드크리너 500ml 손청결 손세정제
12900,0,화장품/헤어,12900,ALL,[샤워메이트]샤워메이트 내추럴 퍼퓸 바디워시  x3(로즈+라벤+프리)
59000,66,유아동/출산,59000,ALL,푸름이닷컴 푸름이 시리즈 (전20종)
41190,0,유아동/출산,41190,ALL,[플레이도] 도구놀이+12팩 外 19900원 집콕 아이템 모음
30000,0,유아동/출산,30000,ALL,메디록스 S 4L  다용도 무독성 살균 소독제 Medilox-s
11900,0,식품,11900,ALL,[한상궁김치]오이소박이 1kg/HACCP/가정식김치/반찬 100% 국산
24900,15,식품,24900,ALL,[안성탕면]안성탕면 40개입
7900,33,식품,7900,ALL,청정 제주산 구좌 흙당근 5kg(왕특)
29900,69,패션의류,29900,ALL,[씨]20%씨 외 신원여성 봄인기 자켓/트렌치/원피스외 ~89%
48800,69,패션의류,48800,ALL,[마인드브릿지]마인드브릿지 앵콜 인기 신상/이월 80종
12900,70,패션의류,12900,ALL,시크루즈/10%/봄신상/티셔츠/루즈핏/맨투맨/빅사이즈
24900,68,스포츠/자동차,24900,ALL,아디다스 운동화 50종
39110,20,스포츠/자동차,39110,ALL,[스케쳐스](신세계경기점)[SKECHERS] 스케쳐스 정말 편한 남여 딜라이트  어글리 스니커즈 7종 (SL0MC19X211 SL0MC...
27900,64,스포츠/자동차,27900,ALL,[BTR]BTR S/S PREVIEW + F/W 시즌오프 특가전 /자켓티셔츠
8900,1,생활/주방/건강,8900,ALL,겔업 고농축 액체세제 2.5L x 4개 세탁세제 총10000ml
26900,15,생활/주방/건강,26900,ALL,[잘풀리는집]순수PURE 천연펄프 25m30롤 x3팩/휴지/화장지
12900,50,생활/주방/건강,12900,ALL,아이러브베베물티슈핑크100매캡형X20팩
11000,69,신발/잡화,11000,ALL,[팬콧키즈]아동운동화/학생실내화/아동실내화/아동장화/레인부츠
9900,70,신발/잡화,9900,ALL,단골언니 여성 사무실 통굽 슬리퍼 실내화 간호샌들
11500,69,신발/잡화,11500,ALL,9.780원 균일_남여 봄 슬립온 키높이 스니커즈 운동화
1649000,0,컴퓨터/전자,1649000,ALL,[LG전자]그램17 17ZD90N-VX5BK 노트북 134만원 마감임박 특가
388000,4,컴퓨터/전자,388000,ALL,[10인용]쿠쿠 IH메탈릭에코 2기압 밥솥 CRP-CHS108FD/FS[ 에어프라이어]
273750,1,컴퓨터/전자,273750,ALL,[에브리봇]에브리봇 물걸레청소기 Edge 공식인증
111600,0,도서/음반,111600,ALL,사이트워드  Sight words LEVEL 1~6  월드컴에듀 사이트워드 ( 두세트 )
17000,0,도서/음반,17000,ALL,(2/21)(FREEPOSTER/YES24예약특전(폰스트랩)/RANDOM) 방탄소년단 (BTS) - MAP OF THE SOUL : 7 - 랜덤발송
54000,10,도서/음반,54000,ALL,Phonics Cue 1~4 (SB+WB+AB+CD) New
10900,69,가구/침구,10900,ALL,(1+1)암막커튼 창문커튼 거실커튼 방한 방풍커튼 커텐
9900,69,가구/침구,9900,ALL,[쁘리엘르]순면 매트리스커버/침대패드/누빔매트커버/방수매트
16800,69,가구/침구,16800,ALL,led 방등 등 기구 거실등 조명 형광등 LG칩
27500,0,여행,27500,ALL,(문자발송/익일부터 이용가능)제천 리솜포레스트 해브나인 스파 이용권
29000,0,여행,29000,ALL,(바로사용) 설악워터피아 하이시즌(2020년 3월 1일까지 이용가능)
50400,0,여행,50400,ALL,|최대20만원할인|현대 아이파크 콘도(강원 호텔/고성/양양/동해/삼척)
14250,0,여행,14250,ALL,(당일사용가능) 홍천 알파카월드 (홍천여행/강원여행/홍천알파카/체험/동물체험)
179000,50,e쿠폰/티켓,179000,ALL,[소원영어](단하루 최대할인)평생소장 소원탭+교재 8권+기프티콘
4850,3,e쿠폰/티켓,4850,ALL,[컬쳐랜드문화상품권](카드가능)(컬쳐랜드) 문화상품권5천원권(ID바로충전)
26970,7,e쿠폰/티켓,26970,ALL,[투썸플레이스](투썸플레이스) 딸기 생크림 1호
30000,0,e쿠폰/티켓,30000,ALL,[배스킨라빈스](배스킨라빈스) 모바일 3만원권
31240,2,화장품/헤어,31240,ALL,[닥터포헤어]닥터포헤어 폴리젠 플러스 샴푸 500ml 2개 + 200ml
94500,10,화장품/헤어,94500,ALL,[헤라]글로우 래스팅 파운데이션+브러쉬 세트
15900,69,화장품/헤어,15900,ALL,[코리아나]앰플앤 최저 특가 구성 앰플 1+1+마스크 16110원~
5340,2,유아동/출산,5340,ALL,소독용알콜
7900,69,유아동/출산,7900,ALL,국산 봄신상 유아.아동.주니어 내의/내복/실내복/잠옷
1000,0,유아동/출산,1000,ALL,[홈플러스시그니처](전단상품)홈플러스시그니처_물티슈_100매
17900,15,식품,17900,ALL,[오뚜기]맛있는 오뚜기밥 즉석밥 210g X 24개(1박스) 외 9종
22500,24,식품,22500,ALL,[오뚜기]오뚜기 컵밥 골라담기(3종선택) 12개입 대용량 세트
22250,2,식품,22250,ALL,[대천김][대천김] 재래김/파래김/돌김 20봉(10봉 x 2세트)
9900,69,패션의류,9900,ALL,{니트모아} 롱가디건/니트/빅사이즈/데일리/
7900,69,패션의류,7900,ALL,[미쏘]스파오/후아유 봄오픈~90% 티셔츠/아우터/니트 외
13900,69,패션의류,13900,ALL,[핫코드]봄신상 남자청바지/빅사이즈/면바지/일자/스판옷/행사
9900,70,패션의류,9900,ALL,마츠 새해신상~  니트/가디건/롱/여성/폴라/터틀넥
36000,26,스포츠/자동차,36000,ALL,[멜킨스포츠]멜킨 트램폴린 점핑 다이어트 어린이 유아 방방이
39900,55,스포츠/자동차,39900,ALL,[아이더]아이더 봄맞이 트렌디한 아이템 초특가전
69000,0,스포츠/자동차,69000,ALL,[휠라]자가토 1GM00849077
26900,68,스포츠/자동차,26900,ALL,아디다스/리복/나이키 운동화/슬리퍼/백팩 49종 모음
12900,0,생활/주방/건강,12900,ALL,뿌리는 살균 소독제 메딕브이3 소독 스프레이 500ml
13900,50,생활/주방/건강,13900,ALL,[베이비베이비]베이비베이비 아기물티슈 트윙클120매 20팩 캡형
26900,0,생활/주방/건강,26900,ALL,[크리넥스]물에 잘 녹는 에어셀 화장지 40M 24롤 2팩 45086
23680,11,신발/잡화,23680,ALL,[돔바]돔바 하이 포인트 (HIGH POINT (WHITE/BLACK)) [H-9111]
12800,69,신발/잡화,12800,ALL,[페이퍼플레인]신발 커플 스니커즈 슬립온 운동화 러닝화 단화 슈즈
46550,5,신발/잡화,46550,ALL,[휠라키즈](현대백화점)[휠라키즈신발]3RM01250/스키퍼 플렉스
836000,0,컴퓨터/전자,836000,ALL,[삼성전자]혜택가 66만원대 인증점 삼성 UHD TV UN55NU7050FXKR
19800,12,컴퓨터/전자,19800,ALL,퓨리500ml 1+1 손소독제/손세정 대용량 리필용/겔타입
8900,0,컴퓨터/전자,8900,ALL,[스피디]스피디 10W 고속 무선충전기 화이트
58800,0,도서/음반,58800,ALL,사이트워드  Sight words LEVEL 1~6  월드컴에듀 사이트워드 ( 단품 )
168000,32,도서/음반,168000,ALL,(500년 전통 OXFORD 대학 출판부) 와이즈픽처북 풀셋 / 옥스퍼드 한글 그림책 - 선택구매
183000,0,도서/음반,183000,ALL,(누리출판) 알록 달록 재미있는 누리 세계문화
85680,10,가구/침구,85680,ALL,[한샘]샘 책장 5단 120cm 시공
19900,69,가구/침구,19900,ALL,항균 사계절 차렵이불세트 겨울이불 극세사 양털이불
169000,53,가구/침구,169000,ALL,[파로마가구]코코 킹수납형 LED 빅서랍 슈퍼싱글침대(SS) 모음
79000,38,가구/침구,79000,ALL,[한샘]샘스틸 책상 DIY 120cm
83000,0,여행,83000,ALL,"|최대20만원할인||강원 호텔| 스카이베이 호텔 경포 (경포대,사천,주문진)"
277670,0,여행,277670,ALL,|카드할인 10프로|[괌호텔]하얏트 리젠시 괌(Hyatt Regency Guam)
9900,1,여행,9900,ALL,제주렌트카 완전자차 전기차 승합차 셀토스 신형 제주공항렌트
89600,0,여행,89600,ALL,"|최대20만원할인||강원 호텔| 하이원 그랜드 호텔 메인타워(구.강원랜드호텔) (영월,정선)"
9200,8,e쿠폰/티켓,9200,ALL,[메가박스](메가박스) 일반관람권(2D)/영화관람권/영화예매권
7900,0,화장품/헤어,7900,ALL,[쿤달]4+1 샴푸 트리트먼트 바디워시 바디로션 핸드크림 외
19000,5,화장품/헤어,19000,ALL,[라벨영]쇼킹 티트리스팟 2개 /말썽+예민피부/진정/
6900,70,유아동/출산,6900,ALL,아동팬티.속옷.런닝.삼각.쥬니어.드로즈.여아.남아동
23000,0,유아동/출산,23000,ALL,바이오클퓨어 4L 제균스프레이 살균소독제
99000,45,유아동/출산,99000,ALL,씨투엠에듀  지오플릭 교구 (가이드북포함)
42200,2,유아동/출산,42200,ALL,[아디다스]키즈 슈퍼스타 360 차일드 4종택일 S32130 EF6633 EE6268 EF6632/ 아디다스
20900,10,식품,20900,ALL,[매일우유]저지방1% 멸균우유 200ml 48팩 /우유/두유/매일
16900,9,식품,16900,ALL,와인숙성왕구이 1.2kg+1.2kg/쿠폰적용가 14700원
8900,0,식품,8900,ALL,호박고구마 대 3kg/2개주문시 7kg 발송
12900,70,패션의류,12900,ALL,봄신상추가/기모박스티/빅사이즈/루즈핏/맨투맨/롱티
53200,60,패션의류,53200,ALL,[머스트비]머스트비 홈쇼핑 울코트/핸드메이드/경량/다운
19900,69,패션의류,19900,ALL,대박난박양 롱원피스 랩원피스 하객룩 여름원피스
11250,25,패션의류,11250,ALL,[폴햄](현대백화점)[폴햄] PHY5TR1900 남녀공용 3PACK 무지 라운드 반팔티셔츠
24230,19,스포츠/자동차,24230,ALL,[머렐](신세계의정부점)남 여 커플 봄 트레이닝복 상의 하의 (옵션가)
9900,17,스포츠/자동차,9900,ALL,[리바디]리바디 데일리요가복/레깅스/ 베스트 아이템 모음전
27900,50,스포츠/자동차,27900,ALL,[제이비랩]차량용 자동 고속무선충전거치대 JQi7 pro 2020년 출시
15500,63,스포츠/자동차,15500,ALL,[아디다스]나이키 아디다스外 인기 슬리퍼 실내화 모음
16900,43,생활/주방/건강,16900,ALL,[데이데이비쥬]아쿠아코랄 물티슈 캡형 70매 10팩 +10팩 총20팩
11900,50,생활/주방/건강,11900,ALL,[베베앙]베베앙 아기물티슈  시그니처 대용량 100매 캡형 10팩
10900,0,생활/주방/건강,10900,ALL,당일발송 손세정제 손소독제 손소독젤 500ml
8900,1,생활/주방/건강,8900,ALL,버블버블 제로퐁2.5L x 4개 퐁퐁 주방세제
9900,59,신발/잡화,9900,ALL,[BYC]고탄력 팬티스타킹 10매묶음 학생 압박스타킹 임산부
9900,69,신발/잡화,9900,ALL,14K귀걸이(Gold-pin) 외 쥬얼리 입학 기념일 선물
9900,69,신발/잡화,9900,ALL,잇슈 신상 펌프스 하이힐 스틸레토 단화 플랫 앵클
42200,2,신발/잡화,42200,ALL,[반스]올드스쿨 블랙(VN000D3HY281)
222580,10,컴퓨터/전자,222580,ALL,[타워]위닉스 공기청정기 타워Q / ATQM430-IWK / 13평형
38900,0,컴퓨터/전자,38900,ALL,보만 핸디형 스팀다리미 DB8231 미니 휴대용 핸드스팀
49780,5,컴퓨터/전자,49780,ALL,[피스넷]방마다 하나씩 공기청정기 피스넷 퓨어룸 / 10월신제품
79000,0,컴퓨터/전자,79000,ALL,[오랄비]오랄비전동칫솔 D16 PRO500 (1+1)+선착순사은품
1499000,7,컴퓨터/전자,1499000,ALL,[그램]LG 그램15 15ZD90N-VX50K  인텔10세대빅세일132만원대
818300,10,도서/음반,818300,ALL,[비룡소]비룡소 비룡소 그림동화 103
33430,0,도서/음반,33430,ALL,대원키즈 카카오프렌즈 시리즈 레벨업/다푼다/과학탐정단 선택 구매
42000,4,도서/음반,42000,ALL,(웅진/호박꽃)세밀화 동식물 도감 전2권 세트/재정가/소프트커버/양장본 선택구매
2088870,0,도서/음반,2088870,ALL,[비룡소]비룡소 비룡소 그림동화 271 (전271권)
14900,0,도서/음반,14900,ALL,(버전선택)  아이즈원(IZONE) -  정규1집 BLOOMIZ (아이즈원카드(1종랜덤)+포토카드(4종랜덤)) 앨범
6900,69,가구/침구,6900,ALL,[쁘리엘르]1+1 피그먼트 베개커버/순면 베개커버/방수베개커버
384390,17,가구/침구,384390,ALL,[리바트온라인]꼼므1200각도조절책상세트+의자 무회전
21900,68,가구/침구,21900,ALL,[아망떼]순면 이불세트/베개세트/세미마이크로 이불
159000,0,가구/침구,159000,ALL,[에이픽스]컴퓨터 게이밍의자 GC001 울프 WOLF 레이싱체어 180도
49900,0,가구/침구,49900,ALL,순면 모달 먼지없는 차렵이불세트 침구세트
20500,0,여행,20500,ALL,(이용1시간전구매) 평창 휘닉스평창스노우파크(휘닉스파크/휘닉스평창 리프트권/렌탈PKG/휘닉스 리프트권)
45500,0,여행,45500,ALL,19/20 용평리조트 동계 리프트권 특가2차
80000,0,여행,80000,ALL,|최대20만원할인|호텔 더본 제주(제주 호텔/서귀포/서귀포시/중문/표선/성산)
134990,0,여행,134990,ALL,|카드할인 10프로|[괌호텔]힐튼 괌 리조트 & 스파(Hilton Guam Resort & Spa)
30000,0,e쿠폰/티켓,30000,ALL,[자연별곡](이랜드잇) 외식통합 기프트카드 3만원권 + 7%캐시백
28500,5,e쿠폰/티켓,28500,ALL,[CU](CU) 모바일금액권 3만원/ 컬쳐캐쉬충전불가
10000,0,e쿠폰/티켓,10000,ALL,[롯데리아](롯데리아) 모바일 1만원권+10% 캐시백
27870,7,e쿠폰/티켓,27870,ALL,아웃백 디지털 3만원권
12900,0,화장품/헤어,12900,ALL,[과일나라]페이셜케어 스마트휩 클렌징폼 X5개 / 퍼펙트휩 5종SET
59800,0,화장품/헤어,59800,ALL,[모로칸오일]헤어 트리트먼트 200ml 대용량+펌프포함 당일배송시작
7900,50,화장품/헤어,7900,ALL,[라벨영]쇼킹두피샴푸바 / 2+1 Event /비듬+냄새+트러블 완화
39900,15,화장품/헤어,39900,ALL,[에이지투웨니스]에센스 커버팩트 오리지널 케이스1+리필3 카란둘라2종
8900,0,유아동/출산,8900,ALL,[2080]2080 어린이치약 키즈크리닉 순한민트 80gx5개
23900,3,유아동/출산,23900,ALL,[쿠잉]쿠잉 팬티형 대형(32매x 4팩) 기저귀
7900,69,유아동/출산,7900,ALL,[카카오프렌즈]신학기 20년도 신상 아동실내화/구두/학생실내화
61900,0,유아동/출산,61900,ALL,[팸퍼스]팸퍼스 베이비드라이 팬티 5단계 기저귀 특대형(XL)
17900,30,식품,17900,ALL,[오뚜기]해물짬뽕+짜장면 멀티팩 8팩(32봉)
16900,12,식품,16900,ALL,2봉/산동고기왕만두1.4kg+김치왕만두1.4kg/만두 간식
48500,9,식품,48500,ALL,행복미 20kg 쌀 19년산 (당일도정 박스포장)
39900,70,패션의류,39900,ALL,[라보라]기획패키지 노와이어 브라팬티 10종세트 + 팬티2종
9900,69,패션의류,9900,ALL,루나샵 봄신상티셔츠 5900원~ 맨투맨/원피스/박스티
9900,70,패션의류,9900,ALL,데이데이 봄신상 10%쿠폰 원피스/블라우스/여성의류
105780,18,스포츠/자동차,105780,ALL,[아디다스오리지널](신세계본점)(Unisex) 남여공용 오즈위고(EE6999_OZWEEGO)
31200,20,스포츠/자동차,31200,ALL,[컬럼비아][컬럼비아] 포켓 팩 레이스리스 슬립 공용 슈즈CZ5-YU0269 JS
30000,70,스포츠/자동차,30000,ALL,[콜핑]봄 PREVIEW + F/W 시즌오프 특가전
5500,0,생활/주방/건강,5500,ALL,올클린 국내생산 손소독제/뿌리는 스프레이 살균소독
7800,0,생활/주방/건강,7800,ALL,3d3단마스크 코로나19예방 면마스크 검정마스크
9900,0,생활/주방/건강,9900,ALL,[더나은]무료배송/10매/일회용/국산/KF94/미세먼지/황사마스크
30900,61,생활/주방/건강,30900,ALL,[다우니]다우니 대용량 섬유유연제 아로마플로럴 8.5L 2개 농축
10000,69,신발/잡화,10000,ALL,[인더슈]인더슈 엘렌 로퍼
6900,0,신발/잡화,6900,ALL,[양말폭탄]신학기 봄신상 아동양말 / 시즌오프 / 어린이양말
62000,0,신발/잡화,62000,ALL,베테제 빅로고 스트링 백팩 (블랙)
18900,0,신발/잡화,18900,ALL,3D입체 면 마스크 1+1+1+1
1559000,0,컴퓨터/전자,1559000,ALL,[LG전자]15ZD90N-VX5BK (125만원대+사은품증정)LG노트북 노트북
94500,0,컴퓨터/전자,94500,ALL,[삼성전자]공식파트너 세라믹 전자렌지 MS23K3523AW
23670,1,컴퓨터/전자,23670,ALL,[유닉스]메탈티 무광블랙 1600W 헤어 드라이기 UN-A1610
28900,0,컴퓨터/전자,28900,ALL,[숲에서][숲에서] 방역용 마스크(대형) KF94 (5개)+터치크린 손세정제 500ml/백두산/편백
6300,0,도서/음반,6300,ALL,2021 EBS 수능특강 / 특강 사용설명서 / 특강 라이트 (2020년) 시리즈 중 선택
25000,0,도서/음반,25000,ALL,(멤버선택) 슈퍼주니어 - 퍼즐 패키지 (주문제작 한정반)
23100,30,도서/음반,23100,ALL,[애플비]애플비 시계놀이 사운드북 오늘은 외 11종 / 시계 날짜 요일 계절 날씨가 하나의 사운드북에 쏘옥
52000,0,도서/음반,52000,ALL,미세기 반대말 팝업 그림책 4권세트/하하호호 입체북 BEST 5권세트
61200,10,가구/침구,61200,ALL,[한샘]샘 책장 3단 120cm DIY
16600,50,가구/침구,16600,ALL,[원하조명]LED방등/조명/등기구 조명등 미러 방등 50W LG칩
129000,28,가구/침구,129000,ALL,[하포스]하포스 매트포함 서랍형침대 침대프레임
24900,7,가구/침구,24900,ALL,바오 1인용 컴퓨터책상 학생 일자형 좌식책상무료배송
30900,44,여행,30900,ALL,(공식판매처)에버랜드 종일권+Q-PASS 2종+럭키-크뤠인 코인 교환권(2/1~3/15)
75000,0,여행,75000,ALL,|강원 평창| 켄싱턴 호텔 평창
130000,0,여행,130000,ALL,삼척쏠비치호텔앤리조트(강원도/삼척/호텔예약)
9500,5,e쿠폰/티켓,9500,ALL,[GS25](GS25) 모바일 1만원권
144750,3,e쿠폰/티켓,144750,ALL,[구글플레이](카드가능) 기프트코드 15만원 / 구글 기프트카드
29400,2,e쿠폰/티켓,29400,ALL,[해피머니](카드가능)(해피머니) 온라인 상품권 3만원
21480,40,화장품/헤어,21480,ALL,[헤드앤숄더]헤드앤숄더 쿨 멘솔 샴푸 850ml 2개
11900,0,화장품/헤어,11900,ALL,[케라시스]케라시스 퍼퓸 샴푸 x3개(러1+엘1+퓨1)
21800,0,화장품/헤어,21800,ALL,[청정미인]청정미인 에센스 마스크팩 100매 2세트구매시+10매증정
24500,37,화장품/헤어,24500,ALL,[바이오더마]센시비오 H2O 500ml + 센시비오 H2O 500ml 샘플 증정
108000,0,유아동/출산,108000,ALL,비접촉식체온계 적외선체온계  아기유아성인
6900,70,유아동/출산,6900,ALL,봄신상오픈/편면쟈가드/싱글스판내의/후라이스/양면
40900,0,유아동/출산,40900,ALL,[하기스]매직팬티컴포트/보송/밴드/맥스/네이처기저귀
9800,69,유아동/출산,9800,ALL,아동팬티 5매4900원 유아 런닝 순면 속옷 키즈 어린이
14900,37,식품,14900,ALL,[켈로그]아몬드푸레이크 600g  파우치형 3봉지
12900,20,식품,12900,ALL,[비비고](CJ 공식샵)비비고 만두/군만두/왕교자 6개 골라담기
18900,24,식품,18900,ALL,[청정원]청정원 집으로ON 순살치킨 3개
20900,30,식품,20900,ALL,[진라면]진라면 순한맛 40봉
8900,69,패션의류,8900,ALL,봄신상 잠옷 상하세트 파자마 홈웨어 원피스
5900,69,패션의류,5900,ALL,여성슬랙스/와이드팬츠/빅사이즈/통바지/부츠컷
14800,69,패션의류,14800,ALL,[휠라언더웨어]FILA /후기인증/ 여성 브라팬티Set 봄맞이 특가전
10000,69,패션의류,10000,ALL,기모 맨투맨 티셔츠 오버핏 남자여자 단체티 빅사이즈
9900,69,패션의류,9900,ALL,티메이 봄신상 블라우스 남방 니트 맨투맨 가디건
12900,0,스포츠/자동차,12900,ALL,연예인 마스크 (블랙 3개) 3월3일 발송예정
59800,62,스포츠/자동차,59800,ALL,핏테라 이승윤의 스쿼트 머신 LS-300
59000,68,스포츠/자동차,59000,ALL,[노스페이스화이트라벨]SS신상 의류/경량 아우터/인기 아이템 모음전
126300,10,스포츠/자동차,126300,ALL,[멜킨스포츠]포스 치닝디핑 가정용 철봉 2종 택1[예약상품 2020.02.26 부터 발송]/ 멜킨
14900,46,스포츠/자동차,14900,ALL,페브리즈 차량용 방향제 2.2ml 4개 맑은하늘바람 k
23670,0,생활/주방/건강,23670,ALL,한예지 볼륨앤소프트 천연펄프 3겹  화장지 30롤 3팩
33500,0,생활/주방/건강,33500,ALL,코로나바이러스 살균제 페스트세븐클리닉액500ml 1+1
12900,0,생활/주방/건강,12900,ALL,지솔 휴대용 향균 소독제 3개입 /마스크 재사용 가능
14900,0,생활/주방/건강,14900,ALL,손소독제 500ml (1+1) 행사중 네오 메디컬
38760,5,신발/잡화,38760,ALL,[델라스텔라](신세계강남점)[델라스텔라  데일리  베스트 크로스백 3종 균일가   
24800,69,신발/잡화,24800,ALL,가데클래식 남성구두 남성화 캐주얼구두 남자로퍼
94100,4,신발/잡화,94100,ALL,[핀에스커]핀에스커 가볍고 편안한 이태리 양가죽 스니커즈
7800,70,신발/잡화,7800,ALL,여성 플랫슈즈 블로퍼 슬링백 뮬 로퍼 단화 구두 신발
104130,1,컴퓨터/전자,104130,ALL,[삼성전자]공식파트너) 삼성 전자레인지 RE-C23XM 23L
469650,7,컴퓨터/전자,469650,ALL,[위닉스]위닉스 타워 XQ700 공기청정기 {ATXE763-JWK} 23평형
726870,8,컴퓨터/전자,726870,ALL,[삼성전자]혜택가 60만원대 삼성 제트 무선 청소기 VS15R8577S5
589000,6,컴퓨터/전자,589000,ALL,[비보북]ASUS 비보북 15 R564DA-BQ774 라이젠 노트북
8100,0,도서/음반,8100,ALL,2020 EBS 초등 만점왕 단원평가 수학의자신감 수자감 계산왕 기초영문법 스토리한국사 국어 수학 사회 과학
179000,50,도서/음반,179000,ALL,[소원영어](단하루 최대할인)평생소장 소원탭+교재 8권+기프티콘
42500,0,도서/음반,42500,ALL,(신사고) 우공비 초등 세트 학년별 선택 구매
16900,0,도서/음반,16900,ALL,(2/21) (제작특전 종료) (RANDOM) BTS(방탄소년단) - MAP OF THE SOUL 7(POSTER)
109000,41,도서/음반,109000,ALL,스콜라스틱 리딩라인 모음전1
52900,11,가구/침구,52900,ALL,하포스침대 정품 단면매트리스/슈퍼싱글/더블/퀸
23900,37,가구/침구,23900,ALL,(특가행사)튼튼한 다용도 렌지대/주방수납/진열장
6900,70,가구/침구,6900,ALL,[다샵]3중직 벽걸이 스탠드 에어컨커버 제습기 선풍기커버
108000,0,가구/침구,108000,ALL,[센스맘][센스맘] [Q]  에어매트리스 9존 12cm 퀸(겉커버 포함)
158200,30,가구/침구,158200,ALL,[한샘]핵심요약  한샘 베스트 옷장 슈퍼특가 모음
267790,0,여행,267790,ALL,|카드할인 10프로|[괌호텔]아웃리거 괌 비치 리조트(Outrigger Guam Beach Resort)
84000,0,여행,84000,ALL,|최대20만원할인||전남 호텔| 여수 유탑 마리나 호텔&리조트 (여수)
27900,0,여행,27900,ALL,(이용1시간전구매) 과천 서울랜드 종일/야간권(서울랜드/과천서울랜드/연간이용권/과천/놀이동산/테마파크)
10800,0,여행,10800,ALL,|제주|브릭캠퍼스+다양한혜택|레고박물관|제주레고박물관|제주레고랜드|효리네민박2|런닝맨
7500,0,여행,7500,ALL,|카드10%할인|당일사용가능/제주 메이즈랜드 미로공원 할인 입장권
2250,25,e쿠폰/티켓,2250,ALL,[T데이터쿠폰](SK텔레콤) T단기데이터 1GB (24시간권) / 데이터쿠폰
50000,0,e쿠폰/티켓,50000,ALL,(쿠우쿠우) 기프티카드 5만원권
14250,25,e쿠폰/티켓,14250,ALL,[T데이터쿠폰](SK텔레콤) T데이터쿠폰 2GB
10000,0,e쿠폰/티켓,10000,ALL,[컬쳐랜드문화상품권](카드가능)(컬쳐랜드) 온라인문화상품권 1만원권
50450,0,e쿠폰/티켓,50450,ALL,[코스트코]코스트코상품권 5만원권/회원대용/배송비 1번만 부과
14500,51,화장품/헤어,14500,ALL,[더스킨하우스](82%~ 역대급 할인) 골라쓰는 피부타입별 기초3종Set
19900,66,화장품/헤어,19900,ALL,[라벨영]쇼킹 윤곽밴딩크림 1+1/이중턱+사각턱+턱살 윤곽효과
17900,10,화장품/헤어,17900,ALL,[과일나라]세라마이드 트리트먼트 헤어팩 1000ml 1+1+샘플10매
24480,20,화장품/헤어,24480,ALL,[팬틴]팬틴 극손상케어 샴푸 500ML 4개 + 린스 500ML 2개
28000,6,화장품/헤어,28000,ALL,[라벨영]쇼킹 티트리스팟 3개 /말썽+예민피부/진정/
17000,0,유아동/출산,17000,ALL,모달실내복/유아동 주니어 봄신상 내의/실내복/피카부
9900,70,유아동/출산,9900,ALL,[밀크마일]깜찍 봄신상 티셔츠/상하복/원피스
11900,69,유아동/출산,11900,ALL,[젤리스푼]아동복/아동의류/상하복/여아원피스/여아옷/봄신상
25900,69,유아동/출산,25900,ALL,[카파키즈]카파키즈 2020년 최신상 봄 아동운동화/아동의류
25740,22,유아동/출산,25740,ALL,[블루독베이비](현대Hmall)[블루독베이비] 레인보우맨투맨 (49114-334-01)
12900,0,식품,12900,ALL,[서울우유]서울우유 멸균 흰우유 200ml x 24입
49900,9,식품,49900,ALL,진주닮은쌀 신동진 20kg 19년산 햅쌀 임실농협
31920,20,식품,31920,ALL,[스팸]스팸 마일드 340g 10개
7900,33,식품,7900,ALL,순천과일 국내산 그린키위  3kg (46과내외)
12900,70,패션의류,12900,ALL,온더리버 빅사이즈/티셔츠/원피스/팬츠/스커트/셔츠
10900,69,패션의류,10900,ALL,[모스트맘]핫해 쿨긴팔 세트/기모세트/원피스/바지/마약잠옷
24000,20,패션의류,24000,ALL,남여 로고 맨투맨 4종택1 GL0TSU890 GL0TSU894 GL0TSU898 GL0TSU899
19900,69,패션의류,19900,ALL,칼리아 외 홈쇼핑브랜드 블라우스/팬츠 할인
4500,0,스포츠/자동차,4500,ALL,국내생산 자체제작 순면100% 패션마스크 350종
214620,2,스포츠/자동차,214620,ALL,[아이나비]QXD3000mini S 16G Full HD 블랙박스 출장장착 + GPS
19710,0,스포츠/자동차,19710,ALL,리버스위브 헤비 맨투맨 3종(블랙네이비차콜) 213603/ 챔피온
47600,0,스포츠/자동차,47600,ALL,[디스커버리][모다아울렛][디스커버리] SS 신규입고 봄맞이 특가
24900,64,생활/주방/건강,24900,ALL,[퍼실]퍼실 레귤러 유니버셜 대용량 액체 세탁세제 10L
18450,25,생활/주방/건강,18450,ALL,[닥터브로너스][닥터브로너스] 퓨어 캐스틸 솝 950ml (+ 거품용기 증정 2/21~24일까지)
24900,0,생활/주방/건강,24900,ALL,[리큐]액체세탁세제 리큐 알카파워 2.1Lx6개(일반용)
12900,0,생활/주방/건강,12900,ALL,[유한양행]유한락스 new 욕실청소 500mlx4개
15900,69,신발/잡화,15900,ALL,신상 백팩 책가방 여성 남자 백팩 배낭 학생 중학생
9800,69,신발/잡화,9800,ALL,여성신발 슬립온 스니커즈 신발 단화 운동화 플랫슈즈
14800,69,신발/잡화,14800,ALL,검증된 베스트 남자신발/스니커즈/운동화/신발/슬립온
9900,70,신발/잡화,9900,ALL,남여 봄 신상 키높이 운동화/신발/스니커즈/런닝화
2290000,1,컴퓨터/전자,2290000,ALL,[삼성전자]최대혜택가 209만원  1등급 세탁기 19kg+건조기 16kg
150340,5,컴퓨터/전자,150340,ALL,[일렉트로룩스]14.4V 무선청소기 무선청소기 ZB3106AK +(중복쿠폰7%)
24900,11,컴퓨터/전자,24900,ALL,[대우]대우 스팀청소기 6IN1 DEX-ST1000 핸디형살균
1248500,0,컴퓨터/전자,1248500,ALL,[삼성전자]갤럭시 S20 자급제폰 128GB  LTE/5G 호환 공기계
36900,0,도서/음반,36900,ALL,카드할인+사은품) 2020년 1학기 우등생 해법 세트 초등 문제집 1 2 3 4 5 6 학년 국어 수학 과학 사회
83000,0,도서/음반,83000,ALL,(런칭 놀이책+포스터2장)NEW 공룡 나라 친구들 전11권(세이펜으로 읽는 내 친구 공룡 이야기)
89600,0,도서/음반,89600,ALL,2020년 독서평설 1년 정기구독 - 초등독서평설/중등독서평설/고등독서평설 선택 구매 2월 28일까지 이벤트
58800,50,도서/음반,58800,ALL,보카파닉스시즌1/기적의 다개국어 보카파닉스북
147900,6,가구/침구,147900,ALL,[에이픽스]컴퓨터 게이밍의자 GC001 프랑스 게임용 게임 의자
159000,9,가구/침구,159000,ALL,[제닉스]ARENA-X ZERO 컴퓨터/사무용/레이싱/학생/게이밍 의자
16900,43,가구/침구,16900,ALL,클래식 방수 매트리스커버/베개커버
9900,64,가구/침구,9900,ALL,이룸앤 누빔 매트리스커버 싱글 슈퍼싱글 퀸 침대커버
49000,0,여행,49000,ALL,|최대20만원할인||제주 호텔| 더 아트스테이 제주 함덕 (제주시)
45500,0,여행,45500,ALL,|최대20만원할인|스타즈호텔 울산(울산 호텔/남구/양산)
31100,0,여행,31100,ALL,여수 아쿠아플라넷 + 여수해상케이블카 PKG / 아쿠아리움 (~3/31)
192500,0,여행,192500,ALL,"|최대20만원할인||부산 호텔| 파크 하얏트 부산 (해운대,센텀시티,재송)"
4100,0,e쿠폰/티켓,4100,ALL,[스타벅스](스타벅스) 카페아메리카노 Tall+10% 캐시백
27000,0,e쿠폰/티켓,27000,ALL,[파리바게뜨](파리바게뜨) 마이넘버원2
9500,5,e쿠폰/티켓,9500,ALL,[KFC](KFC) 모바일금액권 1만원
12700,0,e쿠폰/티켓,12700,ALL,[스타벅스](스타벅스) 부드러운 디저트 세트
41760,6,화장품/헤어,41760,ALL,[라로슈포제]라로슈포제 시카플라스트 밤 B5 100ml X 3개 /빠른직구
32480,0,화장품/헤어,32480,ALL,올뉴플러스 TS샴푸 2개 티에스샴푸 뉴프리미엄샴푸
35300,0,화장품/헤어,35300,ALL,[세타필]세타필 크림 550g+550g/스파출라/사용기한2022년08월
12000,20,화장품/헤어,12000,ALL,[더샘]더샘 BEST 상품 50% 할인 + 중복쿠폰 20% + 사은품
18800,13,유아동/출산,18800,ALL,더루비-봄신상/원피스/맨투맨/롱티셔츠/아동복
29520,18,유아동/출산,29520,ALL,솔리드형 반팔 티셔츠 5부 반바지 세트 (솔트세트)
7900,69,유아동/출산,7900,ALL,[미니케이]무형광/봄신상/유아/아동/주니어 내의 실내복 잠옷
11900,69,유아동/출산,11900,ALL,[JR주니어]제이알주니어 봄 티셔츠/후드티 1900원~ 리오더 입
43900,0,식품,43900,ALL,[고려은단](현대Hmall)[고려은단] 비타민C 1000 (600정) 外
12900,34,식품,12900,ALL,[아워홈]바삭만두/등심카츠320g 2개/콘치즈카츠280g 2개 총4개
10200,14,식품,10200,ALL,[아워홈손수]지리산수 블루 2리터 x 18병
32900,0,식품,32900,ALL,[스팸]스팸 클래식 340g 10개
2900,69,패션의류,2900,ALL,순면30수 무지 면티셔츠 신상입고 M~2XL 여름까지 쭉
19900,0,패션의류,19900,ALL,[어드바이저리]코트/블루종/점퍼/사파리 등 봄 필수템 50종 택1
37900,69,패션의류,37900,ALL,[닉스]NIX 20년도 봄 신상품 2월 프로모션(코트청바지 등)
6900,70,패션의류,6900,ALL,[모스트맘]새학기 런닝/속바지/브라/남성 런닝
26400,20,스포츠/자동차,26400,ALL,[카파_잠실] 222반다 헤리티지 어센틱 운동화 KKWK134M
23900,48,스포츠/자동차,23900,ALL,[나이키]아디다스/나이키外 신학기 가방 모음(백팩/책가방)
31200,20,스포츠/자동차,31200,ALL,[컬럼비아][컬럼비아] 남성 기본 다목적 아웃도어 팬츠 CY2-YM8821
169000,50,스포츠/자동차,169000,ALL,[파인뷰]파인뷰 X500 FHD/FHD 블랙박스 NEW 32GB 메모리업 자가
9900,33,생활/주방/건강,9900,ALL,[생활공작소]생활공작소 핸드워시 500ml+리필400ml 2개  청포도향
13900,50,생활/주방/건강,13900,ALL,[슈퍼대디]슈퍼대디 아기물티슈 오리지널 캡형 70매 10팩(62g)
31900,21,생활/주방/건강,31900,ALL,[크리넥스]3겹 순수소프트 화장지 27M 30롤X2팩/휴지 /new
13800,0,생활/주방/건강,13800,ALL,세이프케어 베르트리손소독제 500ml에탄올70%당일발송
15800,69,신발/잡화,15800,ALL,신상 에나멜 로퍼 옥스퍼드화  여성 단화 여자 블로퍼
107450,14,신발/잡화,107450,ALL,루이까또즈 여성미니지갑 SL1AL03BL
17900,69,신발/잡화,17900,ALL,[사뿐]벡터 스틸레토 로퍼 (1cm)
19800,70,신발/잡화,19800,ALL,여성 슬링백 힐 구두 메리제인 펌프스 가보시 하이힐
74880,4,컴퓨터/전자,74880,ALL,[위닉스](정품) 위닉스 타워XQ 공기청정기 M필터세트 CAF-M0S1
756550,10,컴퓨터/전자,756550,ALL,[HP]15s-FQ1008TU /10세대 i5/SSD256/15IPS/윈10
589880,2,컴퓨터/전자,589880,ALL,(MJ) 다이슨 에어랩 스타일러 컴플리트/새상품/정품
14000,0,도서/음반,14000,ALL,NCT 127(엔시티 127) - 정규2집 NCT 127 Neo Zone
13320,0,도서/음반,13320,ALL,어른이 되어 다시 읽는 고전명작 45종 선택구매
17000,0,도서/음반,17000,ALL,방탄소년단 (BTS 防彈少年團) / Map Of The Soul :7
32400,0,도서/음반,32400,ALL,[동아출판](2020)동아전과/초등문제집/초등참고서/전과/초등전과(사은품대박)
579000,23,가구/침구,579000,ALL,[한샘]포레 릴렉스 4인 식탁 벤치세트(의자2+벤치1포함)_DIY
39900,27,가구/침구,39900,ALL,{베개솜증정}풀세트/이불세트/기숙사이불/차렵이불
12900,69,가구/침구,12900,ALL,가성비 甲 사계절 러그/카페트/거실카페트/원형러그
12900,57,가구/침구,12900,ALL,신상 누빔 요커버 S/D/Q/요솜/순면/요매트/요/솜/커버
79400,0,여행,79400,ALL,"강원 강릉시 스카이베이호텔 경포/스카이베이,강릉,강릉스카이베이,스카이베이경포,강릉호텔,경포대호텔"
94900,0,여행,94900,ALL,"강원 평창군 평창 풍림아이원리조트/평창풍림,풍림아이원,평창리조트,아이원리조트,평창숙소,평창여행"
46000,0,여행,46000,ALL,"강원 속초시 현대수리조트 속초/강원도콘도,강원도 콘도,강원콘도,강원 콘도,현대수,속초콘도,속초 콘도"
79000,0,여행,79000,ALL,1920 하이원리조트 스노우월드 가족패키지 ~2/29
22500,0,여행,22500,ALL,|괌| 퍼시픽스타호텔 오션뷰 라운지 24시간 이용
25000,0,e쿠폰/티켓,25000,ALL,[배스킨라빈스](배스킨라빈스) 달콤 퐁퐁 플라워
19000,5,e쿠폰/티켓,19000,ALL,[GS수퍼마켓](GS수퍼마켓) 금액권 2만원
10000,0,e쿠폰/티켓,10000,ALL,[CU](CU) 모바일금액권 1만원권 + 7%캐시백
32900,6,e쿠폰/티켓,32900,ALL,[투썸플레이스]투썸플레이스 마스카포네 티라미수
17100,5,e쿠폰/티켓,17100,ALL,[굽네치킨]굽네치킨 굽네 고추 바사삭+콜라1.25L
19900,69,화장품/헤어,19900,ALL,[제이준]알로에 핑크 마스크 30매 + (20.06.01)퍼플 10매
28900,50,화장품/헤어,28900,ALL,[마녀공장]마녀공장 베스트 클렌징 최대 42% 할인+사은품
20090,19,화장품/헤어,20090,ALL,[헤드앤숄더]헤드앤숄더 쿨멘솔 샴푸 850ml 3개  +슈프림미니3종
50890,15,화장품/헤어,50890,ALL,[모로칸오일]헤어 트리트먼트 200ml/200ml+25ml (휴대용) 빠른배송
45350,0,화장품/헤어,45350,ALL,[메디큐브](1+1) 메디큐브 제로 모공 패드 70매
35100,10,유아동/출산,35100,ALL,[블랙야크키즈][블랙야크키즈]2020 S/S 트레이닝세트 BKO룩스세트
7500,70,유아동/출산,7500,ALL,[카파키즈]카파키즈 새학기 아동 실내화/슬리퍼/운동화 42종
35900,0,유아동/출산,35900,ALL,[베비언스]베비언스 킨더밀쉬 2단계 200ml 24입
30900,0,유아동/출산,30900,ALL,[보솜이]액션핏 팬티 XL 특대형 남아 30매 x 4팩
17900,16,식품,17900,ALL,[너트리]백진미채 1kg 국내가공
17580,6,식품,17580,ALL,[동원에프앤비]동원 샘물 2.0L 36병(6병 6팩) 배송
9900,33,식품,9900,ALL,아삭달콤 첫 수확 참외 2.5kg(크기랜덤)
22900,12,식품,22900,ALL,[매일유업]매일두유 99.89 190ml 48팩
14800,62,패션의류,14800,ALL,[플루크]M~XXL 남자/여자 맨투맨/후드티/긴팔티/빅사이즈
7900,69,패션의류,7900,ALL,비비안 외 국산 주니어 브라 팬티 속옷 학생 런닝
17900,69,패션의류,17900,ALL,데이뮤즈 원피스/트렌치코트/니트/블라우스/스커트/롱
13630,8,스포츠/자동차,13630,ALL,MCN NANO 매쉬 마스크 17종 택1 자전거마스크
16420,23,스포츠/자동차,16420,ALL,[프로스펙스][프로스펙스] 초등학생실내화 인도어 아동실내화 인도어
99000,0,스포츠/자동차,99000,ALL,[이화에스엠피]2019 올인원 숀리 스쿼트머신 FS
12900,21,생활/주방/건강,12900,ALL,[크리넥스]안심클래식 키친타올 120매 4롤 4팩 / 화장지 휴지
18900,62,생활/주방/건강,18900,ALL,단단하게 많이감은 천연펄프무형광 점보롤 화장지16롤
29500,0,생활/주방/건강,29500,ALL,손소독제500ml+코로나살균제 페스트세븐클리닉액500ml
40800,0,신발/잡화,40800,ALL,[페이퍼플레인]운동화/스니커즈/에어쿠션/런닝화/키높이/PP1101
7900,69,신발/잡화,7900,ALL,발끝부터 봄봄 신상남녀 발목양말 스니커즈 덧신 중목
2200,37,신발/잡화,2200,ALL,EVA 실내화 학생 학교 아동 초등 병원 만능화
159000,0,컴퓨터/전자,159000,ALL,코에픽 코비염치료 가정용 광선 조사 의료기기
72990,17,컴퓨터/전자,72990,ALL,[대우]대우 대용량 5.5리터 에어프라이어(블랙) DEF-D500E
1209000,7,컴퓨터/전자,1209000,ALL,[LG전자]LG전자 디오스 S831S30 양문형냉장고 (주)삼정
76000,0,도서/음반,76000,ALL,[포에버북스] 최신간_New 똘망똘망 놀이책 (전23권)
35400,0,도서/음반,35400,ALL,메가집중력4권+두뇌력플러스 스티커북2권 (전6권)
29000,69,도서/음반,29000,ALL,화이트데이 특별전 정품 향수 최대 70%할인/3월호잡지
37830,3,가구/침구,37830,ALL,엔디미온 풍기인견 어린이집 낮잠이불세트
14900,69,가구/침구,14900,ALL,[쁘리엘르]방수 매트리스커버/진드기방지
28900,67,가구/침구,28900,ALL,[아이르]아이르 디자인이불커버세트 순면 트윌 평직 이불솜
119000,62,가구/침구,119000,ALL,킵에잇 천연라텍스 토퍼 매트리스 기간한정 빅세일
9000,0,여행,9000,ALL,|카드10%할인|제주 에코랜드 입장권 할인/제주 추천여행
66950,0,여행,66950,ALL,"|최대20만원할인||강원 호텔| 투와이 호텔 (속초,양양,고성)"
76160,0,여행,76160,ALL,"|최대20만원할인||서울 호텔| 도미인 서울 강남 (강남,역삼,삼성,논현)"
44000,0,여행,44000,ALL,"|최대20만원할인||강원 리조트| 하이캐슬리조트 (영월,정선)"
30000,0,e쿠폰/티켓,30000,ALL,[배스킨라빈스](배스킨라빈스) 듀얼와츄원 NO.9
26000,0,e쿠폰/티켓,26000,ALL,[배스킨라빈스](배스킨라빈스) 골라 먹는 와츄원
1608000,0,e쿠폰/티켓,1608000,ALL,아이스크림홈런 12개월 학습권 + 스마일캐시 적립 + 1개월 수강권추가
100000,0,e쿠폰/티켓,100000,ALL,[케이티](카드가능)KT Shop 10만원
14400,52,화장품/헤어,14400,ALL,[미쟝센]미쟝센 퍼펙트 세럼 오리지널 80ML X2
13770,0,화장품/헤어,13770,ALL,오로라 LPP 트리트먼트 헤어팩 1000ml 1+1 총2000ml
6000,0,화장품/헤어,6000,ALL,[삐아]삐아 라스트 벨벳 립 틴트
12500,37,화장품/헤어,12500,ALL,[이글립스]1+1 이글립스 마스카라/아이라이너 론칭기념
47200,69,유아동/출산,47200,ALL,[닥스키즈]닥스/헤지스키즈 우리아이 신학기 룩의 완성 A to Z
15000,50,유아동/출산,15000,ALL,[피터젠슨]피터젠슨 스팽글/하드케이스/소프트케이스 필통 50종
54900,0,유아동/출산,54900,ALL,[팸퍼스]팸퍼스 베이비드라이 밴드/팬티4팩 기저귀+뽀로로달력
20900,30,유아동/출산,20900,ALL,[페리오]어린이칫솔 2단계(3-5세)핑크퐁10입+10입+18%쿠폰할인
20900,30,식품,20900,ALL,[진라면]진라면 매운맛 40봉
23900,0,식품,23900,ALL,[진라면]진라면 40개/안성탕면/삼양/신라면/짜파게티/불닭
60900,0,식품,60900,ALL,김포 고시히카리 10kg+10kg(박스포장) 19년산 햅쌀
27630,0,식품,27630,ALL,가정식 생포기김치10Kg /총각/HACCP
10800,70,패션의류,10800,ALL,봄신상/남자청바지/남성/빅사이즈/스판/바지/슬랙스
4900,69,패션의류,4900,ALL,(최대12%할인)봄신상 4320~/바람막이/춘추티/무료배송
6900,70,패션의류,6900,ALL,유니크한 봄신상티 모음/ 박스티/레깅스/무지티
9900,70,패션의류,9900,ALL,[란제리아]여성팬티5매 여자 미디 맥시 속옷 삼각 위생 면 스판
24900,58,스포츠/자동차,24900,ALL,[케이스위스]남여공용 트레이닝세트+패딩 3종세트 아동/주니어
10900,69,스포츠/자동차,10900,ALL,[네파]네파 스포츠 남여 등산양말 6족
47970,18,스포츠/자동차,47970,ALL,[최경주골프]파격초특가 최경주 올인원 팬츠 3종
39000,0,스포츠/자동차,39000,ALL,[휠라]휠라 페스티보`91 1XM00976013
12900,50,생활/주방/건강,12900,ALL,[유한양행]유한락스 new 곰팡이제거 500mlx4개 +락스 500ml 증정
29700,0,생활/주방/건강,29700,ALL,의료용 일회용 마스크 10매 (영국재고) 현재구매가능
11900,20,생활/주방/건강,11900,ALL,[피죤]섬유유연제 피죤 3100mlx4개+고농축피죤700ml증정
17900,69,신발/잡화,17900,ALL,[사뿐]애니쉬 사선 미들힐 (5.5cm)
6500,69,신발/잡화,6500,ALL,[가나양말]남자 여자 발목 덧신 페이크삭스 정장 스포츠 양말
12800,69,신발/잡화,12800,ALL,단골언니 여성 신발 슬립온/스니커즈/운동화
484120,9,컴퓨터/전자,484120,ALL,[삼성전자]혜택가 39만원 삼성 제트 무선 청소기 VS19R1004BF
249000,7,컴퓨터/전자,249000,ALL,[9000시리즈]최종201.400원 9000시리즈 무선 전기면도기S9041/37
24990,2,컴퓨터/전자,24990,ALL,[브리타]막스트라 플러스 필터 3개월분 +1개월분 (총 4개월분)
67000,0,도서/음반,67000,ALL,보림 4미터 수잔이네 병풍 그림책 전5권 세트
9900,10,도서/음반,9900,ALL,[예림당]오늘출발 5+1 Why 시리즈 사은품비교 과학 1~93권 외 세계사/한국사/인문사/고전/교과서/피플/코딩 개정판
11100,29,도서/음반,11100,ALL,[애플비]생생 공룡 손전등 사운드북  / 어두운 밤 손전등을 켜면 공룡이 크앙
29900,69,가구/침구,29900,ALL,[쁘리엘르]소프트화이바/마이크화이바 차렵이불 토퍼 패드세트
98000,1,가구/침구,98000,ALL,[센스맘][센스맘] [S]  에어매트리스 9존 12cm 싱글(겉커버 포함)
188760,0,여행,188760,ALL,|최대20만원할인|롯데호텔 제주(제주 호텔/서귀포/서귀포시/중문/표선/성산)
88000,0,여행,88000,ALL,|최대20만원할인|세인트존스 호텔 (강원/강릉/경포대/강릉호텔)(강원 호텔/강릉/속초/경포
64000,15,여행,64000,ALL,파라다이스시티 원더박스 3인자유+카니발3회+츄러스1개(20/2/13~3/8)/패밀리/실내/테마파크/원더박스
915000,0,여행,915000,ALL,베이직  아침출발  괌 웨스틴 오션뷰 5일  호텔조식
9800,2,e쿠폰/티켓,9800,ALL,[해피머니](카드가능)(해피머니) 온라인 상품권 1만원
10000,0,e쿠폰/티켓,10000,ALL,[메가커피](메가커피) 모바일 1만원권+10% 캐시백
16400,18,e쿠폰/티켓,16400,ALL,[도미노피자](도미노피자) 2만원 할인권
9200,8,e쿠폰/티켓,9200,ALL,(아웃백/이디야)Pays 외식/카페 결합 금액권 1만원권
10900,20,화장품/헤어,10900,ALL,[두보레]해피바스 두보레 후리지아 4입 X4개(총16입)
12900,18,화장품/헤어,12900,ALL,2+1 펌프형 손세정제 휴대용 손소독제 의약외품 인증
14600,62,화장품/헤어,14600,ALL,[미쟝센]미쟝센 퍼펙트세럼 샴푸 오리지널 680ML X3
2500,0,화장품/헤어,2500,ALL,[라네즈]레디언 C 크림 체험단 (6500명 한정)
2380,4,유아동/출산,2380,ALL,[짱죽]바른이유식 (12+1/20+2) / 반찬 볶음밥 김
13900,69,유아동/출산,13900,ALL,[팬콧키즈]22%쿠폰 아동/주니어 봄 상하복 트레이닝 바지 의류
96850,65,유아동/출산,96850,ALL,[닥스키즈]닥스/헤지스키즈 신학기 아동 책가방
499000,9,유아동/출산,499000,ALL,[웅진주니어]웅진주니어 우리 50/NEW 세계 그림책 베스트 100 선택
21520,20,식품,21520,ALL,[비비고]비비고 갈비탕 400g 5봉
22900,9,식품,22900,ALL,[아침농산]국산 농부의아침 현미10kg 2019년산 햅쌀
11900,15,식품,11900,ALL,[칠성사이다]칠성 사이다 210ml x 30캔 박스 포장 /롯데칠성몰 공식
25900,26,식품,25900,ALL,프리미엄 페루 애플 생망고 해외직송 7~10과 4kg(랜덤)
5900,69,패션의류,5900,ALL,12%쿠폰 봄신상 KC인증 빅사이즈레깅스/팬츠/치마/4XL
12900,70,패션의류,12900,ALL,엄마옷로즈맘 봄신상세일 5060엄마옷 중년여성
6900,70,패션의류,6900,ALL,[비너스]비비안 외 브라 팬티 세트 여성 여자 속옷 브래지어
7900,69,패션의류,7900,ALL,마티네 봄신상원피스/블라우스/스커트/가디건 등
24900,69,스포츠/자동차,24900,ALL,[리복]리복/푸마/나이키/아디다스 성인 아동 운동화 런닝화
19900,63,스포츠/자동차,19900,ALL,아디다스/나이키 신학기 백팩/책가방/팀백/힙색 50종
159000,0,스포츠/자동차,159000,ALL,[디스커버리(프)] 공용 라이크 에어 백팩DXBK31011
38610,1,생활/주방/건강,38610,ALL,살균소독 손소독제 70ml 휴대용10개/500ml 2개/4리터
30900,61,생활/주방/건강,30900,ALL,[스너글]고농축 섬유유연제 스너글 블루스파클 4.96L 2개
9900,0,생활/주방/건강,9900,ALL,[애경]주방세제 순샘 대용량 3L x2개 (라임1+베리1)
22800,70,신발/잡화,22800,ALL,2020신상 소가죽제작 싱그러운 컬러의 편안한플랫슈즈
49010,50,신발/잡화,49010,ALL,[금강제화]금강제화 20SS 신상품 모음
77420,2,신발/잡화,77420,ALL,[칼하트]칼하트 레거시 스탠다드 백팩(Black) 워크팩 19032101
1190000,9,컴퓨터/전자,1190000,ALL,[삼성전자]혜택가 99만원대 삼성 163cm UHD TV UN65NU7050FXKR
118900,0,컴퓨터/전자,118900,ALL,[로지텍]로지텍코리아 MX VERTICAL 버티컬마우스 / 사은품 증정
499000,16,컴퓨터/전자,499000,ALL,[BLACKHOLE](혜택가 399280원)블랙홀디스포저 음식물분쇄기처리기
28980,19,도서/음반,28980,ALL,좋은생각 정기구독 : 1년 (+ 선물)
14000,0,도서/음반,14000,ALL,NCT 127 - NCT  127 Neo Zone (정규 2집) 포토북+가사지+엽서포스터+포토카드+서클카드+접지포스터
27000,10,도서/음반,27000,ALL,[기탄교육]기탄 한글떼기 최신개정판 세트_전5권 외 13종
6500,66,가구/침구,6500,ALL,[쁘리엘르]3중직 벽걸이 스탠드 에어컨커버/선풍기커버
34550,1,가구/침구,34550,ALL,[체어스코]누적판매 1위 컴퓨터/책상/학생/사무용의자
95260,2,가구/침구,95260,ALL,[동서가구](인기상품) 1200 정면책상세트 컴퓨터책상+LED추가
99000,35,가구/침구,99000,ALL,[한샘]노뜨베이직2 라이트 7존스프링 매트리스 SS
49000,41,여행,49000,ALL,(공식판매처)(2월 1일부터 사용가능)롯데월드 패밀리(성인+어린이) 종합이용권/종일권/AFTER4
77000,0,여행,77000,ALL,|최대20만원할인||제주 호텔| 제주 부영호텔&리조트 (서귀포시)
23040,4,e쿠폰/티켓,23040,ALL,[BHC](BHC) 뿌링클+치즈볼+콜라1.25L
30000,0,e쿠폰/티켓,30000,ALL,[아리따움](아리따움) 3만원권+8%캐시백
24750,25,e쿠폰/티켓,24750,ALL,[BTV](B tv) B포인트 33 000원
29800,0,화장품/헤어,29800,ALL,[토소웅]남성2종세트 맨즈부스터 스킨+로션+여행용세트
13400,55,화장품/헤어,13400,ALL,[일리윤]일리윤 동백오일 영양 마스크팩 30매
22900,20,화장품/헤어,22900,ALL,[해피바스]해피바스 에센스 바디워시 5개 (각 900g)
19900,58,화장품/헤어,19900,ALL,[페라리]스쿠데리아 페라리 라이트 에센스 EDT 125ml +공병
21900,5,유아동/출산,21900,ALL,[매일유업]매일 상하치즈 아기치즈 2단계 80매/치즈
13900,69,유아동/출산,13900,ALL,[젤리스푼]아동복/여아원피스/티셔츠/상하복/레깅스/실내복
8900,50,유아동/출산,8900,ALL,[아가방]아가방 봄 코코실내상하(YELLOW/BLUE)_01L557601
30000,0,유아동/출산,30000,ALL,[메디록스]메디록스 4리터 1개 고수준 살균소독제 Medilox -s
16900,15,식품,16900,ALL,[왕뚜껑]왕뚜껑 4종(혼합) x 4개 김치/우동/짬뽕/오리지널 16
29900,33,식품,29900,ALL,통관즉시 발송 애플망고 특대과엄선 4kg(7-10과)
9000,17,식품,9000,ALL,[아워홈]지리산수 핑크 500미리x40병
16500,7,식품,16500,ALL,[돌]Dole VF37 오늘맑음 과채즙 100% 야채주스 120ml 32팩
10900,69,패션의류,10900,ALL,12%쿠폰 봄 니트 루즈핏 롱원피스/가디건/맨투맨/셔츠
8900,69,패션의류,8900,ALL,브라썸/여성속옷/ABCD추가금NO/빅사이즈/브라팬티세트
29640,24,패션의류,29640,ALL,[까르뜨블랑슈]S/S 솔리드 치노 스판 클래식 팬츠 CMS9WPL1/ 까르뜨블랑슈(남성)
11900,53,패션의류,11900,ALL,[이너리즘]1+1 이너리즘에어 쾌적하고 편한 쿨모달 끈브라나시
3500,0,스포츠/자동차,3500,ALL,겨울마스크/방한마스크/극세사입체방한대
27550,5,스포츠/자동차,27550,ALL,[뉴발란스]본사/NBRJAS118B/SD1101GBW/뉴발란스슬리퍼/슬라이드
29000,0,스포츠/자동차,29000,ALL,[휠라]드리프터 테이피테잎 FS1SLB1002XNNV
39000,0,스포츠/자동차,39000,ALL,[휠라]휠라 페스티보`91 1XM00976077
11900,50,생활/주방/건강,11900,ALL,[유한락스]유한락스 레귤러 2L 2개 +락스 500ml 증정
25500,0,생활/주방/건강,25500,ALL,위케어 미세먼지 황사방역용 마스크 KF94 대형 5매입
48900,0,생활/주방/건강,48900,ALL,국내생산) KF94 마스크/대형/10매SET/미세먼지
12900,50,생활/주방/건강,12900,ALL,센스물티슈 악어 캡형 100매 10팩+10팩 (총20팩)
66000,50,신발/잡화,66000,ALL,[슈스토리]22%중복쿠폰  소다 남성스니커즈/구두
4500,0,신발/잡화,4500,ALL,꾸미3D입체어린이마스크/필터마스크/방한마스크
12800,69,신발/잡화,12800,ALL,신상 슬립온 플랫 단화 여성 키높이 운동화 스니커즈
30420,22,신발/잡화,30420,ALL,[메트로시티][메트로시티주얼리] Spring 여신의 Bling아이템 추천  22종 택1
38710,2,컴퓨터/전자,38710,ALL,[유닉스]메탈릭 레트로파워맥스 2000W 헤어 드라이기 UN-B1643
24780,0,컴퓨터/전자,24780,ALL,[큐씨와이]국내정식 QCY T5 TWS 무선 블루투스 5.0 자동 페어링
999000,6,컴퓨터/전자,999000,ALL,Y540-15IRH i5 Edition PRO/빅스마일 최대20%할인87만
47700,0,도서/음반,47700,ALL,SET(앨범3종) 아이즈원 (IZONE) - BLOOMIZ (정규 1집) 아이즈원카드+포토북+포토카드+AR카드+다각형엽서+미니카드
9000,0,도서/음반,9000,ALL,2020년 해법 기초학력 진단평가 문제집 2학년~신입생중1
19500,0,도서/음반,19500,ALL,(키트) 아이즈원(IZONE) -  정규1집 BLOOMIZ (단체 포스트카드+앨범 포토카드세트) 키트앨범
80900,2,가구/침구,80900,ALL,[아씨방]아씨방가구 디자인가구 갤러리 옷장/전신거울 장롱
25500,70,가구/침구,25500,ALL,[이노하우스]한파특가 30/20M 접착식 단열벽지 보온 벽지 시트지
16900,60,가구/침구,16900,ALL,[이블랑]고밀도 고탄력 소파커버 1인용~4인용 22컬러
35300,11,가구/침구,35300,ALL,[퍼스퍼코리아]무료반품 랭킹1위 컴퓨터 학생 사무용 공부 책상의자
19800,0,여행,19800,ALL,제주 아쿠아플라넷 오후 특별권 16시이후 사용가능
10000,0,여행,10000,ALL,하슬라아트월드/강릉정동진미술관/하슬라미술관/아차
8900,25,여행,8900,ALL,|카드10%할인|제주렌트카 고급자차 야간인수/새벽반납 무료 전기차 스타렉스 쏠라티 예약
17200,0,여행,17200,ALL,럭키달러북(Luckydollar book) : 진짜 달러 신권지폐 1달러 10장 (표지색상 랜덤 발송)
18240,4,e쿠폰/티켓,18240,ALL,[BHC](BHC) 뿌링클+콜라1.25L
1000,0,e쿠폰/티켓,1000,ALL,[컬쳐랜드문화상품권](카드가능)(컬쳐랜드) 온라인문화상품권 1천원권
19900,0,e쿠폰/티켓,19900,ALL,[이랜드잇](애슐리W) 샐러드바1인 (평일디너/주말)
5600,0,e쿠폰/티켓,5600,ALL,[맘스터치]싸이버거 세트
29900,0,화장품/헤어,29900,ALL,[아비노]스트레스 릴리프 로션 354ml 3개
28500,0,화장품/헤어,28500,ALL,[청미정]천연샴푸/유기농샴푸/두피샴푸/비듬샴푸/트리트먼트
18900,20,화장품/헤어,18900,ALL,[아모레퍼시픽]댄트롤 박하+마데카+멘톨+애플 샴푸 820ml 4개
19900,0,화장품/헤어,19900,ALL,[밀크바오밥]오리지널 샴푸 1000ml+트리트먼트 1000ml 화이트머스크
46900,0,유아동/출산,46900,ALL,[하기스]매직팬티/밴드/맥스드라이/네이처/보송/기저귀
60900,0,유아동/출산,60900,ALL,팸퍼스 베이비드라이 팬티 4팩 기저귀+뽀로로달력
29590,2,유아동/출산,29590,ALL,[궁중비책]모이스처로션 250ml 1+1 기획 / 사은품 증정 /1912제조
198560,13,유아동/출산,198560,ALL,JYBOOKS 노부영 사이트 워드 48종 풀세트
9900,16,식품,9900,ALL,재래도시락김16봉 x3개총48봉2세트당+16봉 증정
24900,10,식품,24900,ALL,[순수식품]저분자 피쉬 콜라겐 5통(150포) 먹는콜라겐 콜라겐분말
5960,0,식품,5960,ALL,신선특란30입
8900,25,식품,8900,ALL,[웅진]빅토리아 베리베리 500ml x 20개/유통기한 20년4월26일
22000,68,패션의류,22000,ALL,[클라이드앤]클라이드앤 봄신상+이월최대할인 맨투맨/후드/점퍼外
19900,69,패션의류,19900,ALL,[게스]게스 본사정품 20SS 티셔츠 맨투맨 데님 45종 택1
7900,69,패션의류,7900,ALL,[비버리힐스폴로클럽]1매2900원/드로즈/사각/팬티/남성/남자/세트/면/속옷
13900,69,패션의류,13900,ALL,네모 예쁜 봄스타일링 날씬 스커트 빅사이즈/새틴SK
34900,0,스포츠/자동차,34900,ALL,폭스밸리 프리미엄 허리보호대 허리아대 허리복대
32900,44,스포츠/자동차,32900,ALL,[아디다스]아디다스 매장정품 런닝화/운동화/스니커즈
8900,69,스포츠/자동차,8900,ALL,[프리마클라쎄]프리마클라쎄/MLB/리복 인기 운동화/스니커즈/슬리퍼
19800,8,생활/주방/건강,19800,ALL,퓨리 500ml 1+1개 손소독제/손세정제/겔/젤/의약외품
8900,0,생활/주방/건강,8900,ALL,손소독제 겔타입 500ml 손세정제 빠른배송 의약외품 M
27900,33,생활/주방/건강,27900,ALL,[박스포유]100%직접생산/ 박스포유 택배박스
13500,0,신발/잡화,13500,ALL,[마블]어벤져스 유아 아동 어린이 방한대 면마스크 4개 세트
9900,70,신발/잡화,9900,ALL,커플/스니커즈/슬립온/단화/컨버스/신발
39900,70,신발/잡화,39900,ALL,[아키클래식]브랜드 봄 신학기 운동화/키높이/어글리/여성/커플
59900,2,컴퓨터/전자,59900,ALL,[원더스리빙]쿡킹 WF700 에어프라이어 7L 대용량/ 간편 다이얼조작
69900,4,컴퓨터/전자,69900,ALL,[피스넷]거실용 공기청정기 피스넷 퓨어360/헤파필터 H13
49900,0,컴퓨터/전자,49900,ALL,(숏핑) 에어샷 공기정화기 APOT-AP01
39600,50,도서/음반,39600,ALL,2020년 1학기 우등생해법 세트 학년별 선택구매
37800,0,도서/음반,37800,ALL,[우공비]카드할인+사은품) 2020년 1학기 초등 우공비 세트 문제집 3 4 5 6 학년 국어 수학 과학 사회 신사고
41840,50,도서/음반,41840,ALL,창의사고력수학 팩토/소마셈 세트 단계별 선택구매 (킨더팩토/키즈팩토/LV1~6)
19900,69,가구/침구,19900,ALL,[쁘리엘르]순면 낮잠이불/알러지케어 낮잠이불
135000,0,여행,135000,ALL,"|최대20만원할인||강원 리조트| 쏠비치 삼척리조트 (동해,삼척,태백)"
88000,0,여행,88000,ALL,|최대20만원할인||제주 호텔| 신라스테이 제주 (제주시)
35000,0,여행,35000,ALL,"|최대20만원할인||강원 펜션| 양양 모모레펜션 (속초,양양,고성)"
100000,0,e쿠폰/티켓,100000,ALL,즉시발송 일본 구글플레이 기프트카드 10000엔
100000,0,e쿠폰/티켓,100000,ALL,[현대백화점](현대백화점) 현대 모바일교환권 10만원
30000,0,e쿠폰/티켓,30000,ALL,[이마트](파리바게뜨  이마트  이마트24) Pays 금액권 3만원권
25670,7,화장품/헤어,25670,ALL,[퓨렐]퓨렐 일회용 손세정 티슈 100 매 PURELL 재고 확보
32740,0,화장품/헤어,32740,ALL,[티에스]올뉴플러스TS샴푸(500mlx2)티에스샴푸 뉴프리미엄샴푸
37150,1,유아동/출산,37150,ALL,[하기스]G.하기스보송보송 기저귀 모음/밴드형/팬티형
55700,7,유아동/출산,55700,ALL,보림출판사 수개념 그림책 4종
29880,2,유아동/출산,29880,ALL,[넬리]식기세척기세제1kg 80회분 1+1
11900,10,식품,11900,ALL,[매일우유]매일 바나나는 원래하얗다 멸균우유 190ml 24팩
30900,9,식품,30900,ALL,[GFresh]김포 고시히카리 쌀 10kg 19년산 햅쌀 (박스포장)
20390,1,식품,20390,ALL,비비고 왕교자 1.05kg x 2개 + 김치왕교자 420g x 2개
12900,70,패션의류,12900,ALL,썸데이무드 봄신상/새학기/롱원피스/셔츠/팬츠/자켓
9900,70,패션의류,9900,ALL,[올시즌]봄신상12%쿠폰/여성청바지/빅사이즈~36/기모특가옵션
21900,60,스포츠/자동차,21900,ALL,[아디다스]아디다스 외 신상 슬리퍼/가방/운동화
21770,15,스포츠/자동차,21770,ALL,[엔보우]N그랩 차량용 무선충전 거치대 자동슬라이드
7900,68,스포츠/자동차,7900,ALL,[에버라스트]KBO슬리퍼/학생실내화/실내화/슬리퍼/샌들
10900,0,생활/주방/건강,10900,ALL,[아이깨끗해]핸드워시 용기 250mlx3개
10900,0,생활/주방/건강,10900,ALL,[좋은느낌]생리대/좋은느낌/소형/중형/대형/오버나이트/수퍼롱
13900,69,생활/주방/건강,13900,ALL,질레트 호환용 면도날 1+1 8입 프로글라이드 퓨전
29800,9,생활/주방/건강,29800,ALL,업계를 리드하는 기업 3SK택배박스
19800,69,신발/잡화,19800,ALL,백팩 가방 여성 책가방 학생 배낭 대학생 여행 초등
3600,0,신발/잡화,3600,ALL,유아 순면마스크 입체마스크 100% 개별포장
449000,0,컴퓨터/전자,449000,ALL,[원더스리빙]다이나킹 R9 로봇청소기 LDS스마트맵핑/Y자물걸레청소
38590,1,컴퓨터/전자,38590,ALL,[삼성전자]삼성전자 노트북 DDR4 8G PC4-21300 (정품) - CT
528000,0,컴퓨터/전자,528000,ALL,[삼성전자]최대혜택가 39만원대 삼성 식기세척기 DW50R4055FS
6500,0,도서/음반,6500,ALL,3월 잡지 (2020) 얼루어 나일론 엘르 보그 바자 더블유 그라치아 싱글즈 코스모폴리탄 지큐 에스콰이어
276500,30,도서/음반,276500,ALL,[비룡소]비룡소 전래동화 (전33권)
44700,0,도서/음반,44700,ALL,(세트/앨범3종+포스터3종+지관통증정) 빅톤 (VICTON) - 미니6집 Continuous
142380,10,가구/침구,142380,ALL,[한샘]샘베딩 스테디 옷장 80cm (높이194cm) 행거형 A타입
29900,69,가구/침구,29900,ALL,벨리에르 푹신한 극세사 토퍼 1+1 (슈퍼싱글/퀸/킹)
42900,56,가구/침구,42900,ALL,[에이블루]커블체어_와이더/컴피 바른자세 허리 교정의자 모음
16700,0,여행,16700,ALL,[한샘] 여행용 미니 드라이기 HS
88000,0,여행,88000,ALL,|최대20만원할인|신라스테이 제주(제주 호텔/제주공항/애월/함덕)
163590,0,여행,163590,ALL,이스틴 그랜드 호텔 사톤(EASTIN GRAND HOTEL SATHORN)
50000,0,e쿠폰/티켓,50000,ALL,[롯데상품권](카드가능)롯데모바일교환권 5만원권
30000,0,e쿠폰/티켓,30000,ALL,(카드가능) AK플라자 AK PLAZA 모바일상품권 3만원권
19000,5,e쿠폰/티켓,19000,ALL,[GS25](GS25) 모바일 2만원권
9300,7,e쿠폰/티켓,9300,ALL,[메가박스]일반관람권(2D)-주중/주말/영화관람권/영화예매권
13000,2,화장품/헤어,13000,ALL,[다이알]다이알비누 세수비누 골드 113g 22개
22390,0,화장품/헤어,22390,ALL,클리오 킬커버 앰플 쿠션/파운웨어XP/컨실쿠션/광채
41900,66,화장품/헤어,41900,ALL,셀비엔 블래미쉬  패치 기미패치 30ml
14900,62,화장품/헤어,14900,ALL,[BRTC]BRTC 환절기 맞이 판테놀 꿀잠팩 플렉스 특가
28240,2,유아동/출산,28240,ALL,[세타필]세타필 로션591MLx2개+118ML/사용기한22년8월
30000,0,유아동/출산,30000,ALL,[메디록스]메디록스 4L 기구등의 다용도 살균소독제
4900,69,유아동/출산,4900,ALL,12% 중복쿠폰 아동 신학기 캐릭터 EVA 면 실내화 덧신
16900,30,유아동/출산,16900,ALL,[베비언스]핑크퐁 버블 핸드워시 대용량 540ml 파우더3개
17550,1,식품,17550,ALL,CJ 비비고 사골곰탕 500G X 18개
7900,7,식품,7900,ALL,본사공식 풀무원 샘물 생수 2Lx12 무료배송
19700,12,식품,19700,ALL,[백산수]백산수 2L 24병 (6PetX4팩)/생수전문배송
25900,9,식품,25900,ALL,쌀 10kg 2019년햅쌀(5kgx2봉)집밥/진공포장
4900,69,패션의류,4900,ALL,봄 신상특가/겨울 시즌오프/무조건 4900원/무료배송
12900,70,패션의류,12900,ALL,[BYC]국내산5매 트렁크 사각 팬티 남자 남성 빅사이즈 속옷
9900,70,패션의류,9900,ALL,수맘 시즌오프 / 2020 원피스 니트 가디건 신상
16320,17,패션의류,16320,ALL,[폴햄][폴햄]남녀공용 무지티셔츠 3+1 팩(PHA5TR3900)
94390,11,스포츠/자동차,94390,ALL,[이화에스엠피]접이식 숀리엑스바이크 실내자전거 헬스자전거 리퍼
3900,60,스포츠/자동차,3900,ALL,[카르닉]양말세트/등산양말세트/스포츠 골프 작업 ATB100
24000,20,스포츠/자동차,24000,ALL,[르까프](현대백화점)르까프 BEST 쿠션이좋은 경량 런닝화 워킹화 남여 6종 1118SR102/111/151 1118SW315/316/317
28900,63,생활/주방/건강,28900,ALL,한예지 3겹 내추럴소프트 화장지 27m 30롤 3팩/휴지
79700,0,생활/주방/건강,79700,ALL,대한어패럴 마스크 일회용 마스크 3팩 여성용 블랙
12900,15,생활/주방/건강,12900,ALL,홈맥스 손소독제 60ml(스프레이) x 2개
6900,70,신발/잡화,6900,ALL,[가나양말]양말 1켤레 100원 남성여성 학생발목 덧신페이크삭스
15000,70,신발/잡화,15000,ALL,균일가 남녀공용 스니커즈 슬립온 운동화 러닝화 단화
25800,0,신발/잡화,25800,ALL,[콜마운틴]운동화/런닝화/트레킹화신발/등산화/남성여성/k2장갑
56820,3,신발/잡화,56820,ALL,[에버라스트]에버라스트 에버 여성백팩 4종
229000,0,컴퓨터/전자,229000,ALL,위닉스 2020년형 공기청정기 13평형 제로S {AZSE430-JWK}
999000,1,컴퓨터/전자,999000,ALL,[LG전자]LG 공식인증점 코드제로 A9 청소기 A9479S 물걸레포함
1568000,0,컴퓨터/전자,1568000,ALL,[LG전자]LG그램15 15Z995-VR50K 역대급126만 윈10탑재 당일발송
18800,14,컴퓨터/전자,18800,ALL,[노즈스위퍼]노즈스위퍼 이상민코세척기SET(세정기+분말100포)
19300,0,도서/음반,19300,ALL,2/21 {신나라제작특전} 방탄소년단 (BTS) - Map Of The Soul : 7
11700,0,도서/음반,11700,ALL,쿠폰할인+사은품) 2020년도 1 2 학기 디딤돌 초등 수학 기본 원리 응용 연산 문제유형 최상위 S 문제집
37800,10,도서/음반,37800,ALL,(할인)20년 1학기 우등생 해법시리즈세트/전과목세트/국사과세트/국수세트/초등문제집
103500,10,도서/음반,103500,ALL,[시공주니어]시공주니어 (재정가) 네버랜드 자연학교 시리즈 12권 세트 전12권
16900,63,가구/침구,16900,ALL,뷰하우스 4계절 암막커튼1+1(2장)
4680,41,가구/침구,4680,ALL,[다원데코]무료배송 커튼봉 330종 - 커텐봉 커튼레일 압축봉
10,66,가구/침구,10,ALL,[아라크네]콤비블라인드 롤스크린/브라인드/암막/커튼/커텐/거실
24800,27,가구/침구,24800,ALL,1~6인 키높이 접이식테이블 좌식책상 밥상 이반가구01
136000,0,여행,136000,ALL,[대명리조트]소노벨 제주 (구제주대명리조트/대명제주리조트/제주콘도/함덕콘도/함덕해수욕장)
352800,0,여행,352800,ALL,하얏트 지바 칸쿤(HYATT ZIVA CANCUN)
3471000,0,여행,3471000,ALL,NO쇼핑NO옵션PURE스위스빙하특급/체르마트/스위스일주9일리기/쉴트호른/마테호른
499000,0,여행,499000,ALL,홈쇼핑히트/101빌딩포함  대만/야류/지우펀/스펀/용돈지급 4일
10000,0,e쿠폰/티켓,10000,ALL,[이마트](파리바게뜨  이마트  이마트24) Pays 금액권 1만원권
28500,5,e쿠폰/티켓,28500,ALL,[GS25](GS25) 모바일금액권 3만원/ 컬쳐캐쉬충전불가
100000,0,e쿠폰/티켓,100000,ALL,재팬머니 - 일본 아이튠즈 카드 10000엔 (앱스토어OK)
52000,0,e쿠폰/티켓,52000,ALL,재팬머니 - 일본 아이튠즈 카드 5000엔 (앱스토어OK)
19900,0,화장품/헤어,19900,ALL,10초 새치커버 라피타 타투 헤어틴트 NO염색약
10400,0,화장품/헤어,10400,ALL,[해피바스]해피바스 비누 100gx12개/ 세수비누 세안비누 클렌징
9900,50,화장품/헤어,9900,ALL,[제이준]제이준 블랙 물광 마스크_빅벤 패키지 (10매)
8900,10,화장품/헤어,8900,ALL,[메디플라워]알로에 수딩젤 수분크림 300mlx5개 피부진정/보습크림
4800,0,유아동/출산,4800,ALL,네오플랜 마스크/유아동/성인 FREE
20900,30,유아동/출산,20900,ALL,[페리오]어린이칫솔 4단계(8-13세)10입+10입+18%쿠폰할인
5900,69,유아동/출산,5900,ALL,[디즈니]12%중복쿠폰 신학기 캐릭터 아동 EVA 면 실내화 덧신
21900,5,유아동/출산,21900,ALL,[상하치즈]매일 상하치즈 첫치즈 1단계 80매/치즈/이유식
23920,20,식품,23920,ALL,[스팸]스팸 마일드 200g 10개
18900,20,식품,18900,ALL,[카레여왕]카레여왕분말 108g x 8개 + 직화짜장분말80gx1개 증정
67000,6,식품,67000,ALL,[철원 오대쌀]동송농협 메뚜기표 철원오대쌀 20kg 2019년산
8600,21,식품,8600,ALL,[오뚜기]스낵면/김치라면/진라면 20개
15350,19,패션의류,15350,ALL,[디키즈](광주신세계) 디키즈 남녀공용 F LETTERING 기모 후드 티셔츠 (DMP3UTHT593)
9900,70,패션의류,9900,ALL,[칼카니]마블X칼카니 신상 성인/아동 맨투맨 후드티 팬츠100종
6900,69,패션의류,6900,ALL,3장세트 무배 남성팬티 드로즈 남자스판팬티
46100,22,스포츠/자동차,46100,ALL,[아디다스오리지널](광주신세계)WOMENS  UNISEX ORIGINALS 파이어버드  슈퍼스타 아디브레이크팬츠 외 오리지널 팬츠 8종 [...
33150,15,스포츠/자동차,33150,ALL,[그레고리](신세계의정부점)크로스백 패디드 숄더 BLACK TAPESTRY S (08JC1122)
9900,70,스포츠/자동차,9900,ALL,[프로월드컵]22%추가쿠폰 봄시즌오픈 레깅스 맨투맨 바람막이
10900,0,생활/주방/건강,10900,ALL,[올바르게]올청 변기세정제 45g x 40개 /변기클리너 변기청소
29900,16,생활/주방/건강,29900,ALL,[모나리자]플러스 3겹 27M 30롤 4개 총120롤 화장지 휴지
12900,0,생활/주방/건강,12900,ALL,[G클럽]라텍스장갑 200매(100매2case)요리 식품 실험 다목적
8660,2,신발/잡화,8660,ALL,더빨강양말 남여 패션양말 발목/중목/덧신
16900,69,신발/잡화,16900,ALL,수퍼딜 50종 백팩 중 고등 대 학생 신학기 책 가방
29800,69,신발/잡화,29800,ALL,[브라이튼]여행용 캐리어 기내용 여행가방 TSA 확장지퍼 더블휠
589000,6,컴퓨터/전자,589000,ALL,[비보북]ASUS 비보북 15 R564DA-BQ878 라이젠 노트북
29900,4,컴퓨터/전자,29900,ALL,[피스넷]피스넷 퓨어360 공기청정기 전용 필터 퓨어360센서겸용
71190,0,컴퓨터/전자,71190,ALL,[오랄비]오랄비 전동칫솔 D12 프로화이트 (1+1)+칫솔모 4입
55000,0,도서/음반,55000,ALL,길벗스쿨  초등학생을 위한 인물 한국사 세트  전6권(독후활동노트포함)
11700,0,도서/음반,11700,ALL,[쎈]사은품증정) 2020년 쎈초등수학 신사고 쎈수학 문제집 쎈연산 3 4 5 6/1-2 2-2 3-2 4-2 5-2 6-2
30000,24,가구/침구,30000,ALL,[쉬즈홈]슬리브 옥스포드 삼각 등쿠션 (솜포함)
21150,2,가구/침구,21150,ALL,[비트백]액자형 DIY 보석십자수 명화그리기/비즈/그림/큐빅
10,66,가구/침구,10,ALL,[창안애]콤비블라인드 롤스크린/브라인드/암막/커튼/커텐/거실
129340,0,여행,129340,ALL,멜리아 다낭 비치 리조트(MELIA DANANG BEACH RESORT)
507000,0,여행,507000,ALL,모두의특가 앙코르왓 6일 특급 마사지2시간 툭툭
25000,0,e쿠폰/티켓,25000,ALL,[파리바게뜨](파리바게뜨) 스트로베리퀸
10000,0,e쿠폰/티켓,10000,ALL,[맥도날드]맥도날드 디지털 1만원권
30080,6,e쿠폰/티켓,30080,ALL,[투썸플레이스]투썸플레이스 마스카포네 생크림(믹스드베리)
8900,50,화장품/헤어,8900,ALL,[그레이멜린]카놀라 크레이지 클렌징오일 /자연유래 클렌징
19900,69,화장품/헤어,19900,ALL,[라벨영]쇼킹사과초클렌저  1+1+1/모낭염제거/개기름+피지제거
81830,2,유아동/출산,81830,ALL,하기스 네이처메이드 팬티형 기저귀 2박스
38250,15,유아동/출산,38250,ALL,벨보아 기본형 플리스 자켓 (S컴포트자켓)
19040,2,식품,19040,ALL,[서울우유]서울우유 1000ml X 10팩/멸균우유/흰우유
18900,6,식품,18900,ALL,[상하목장]상하목장 유기농 우유 125ML  24팩
5320,32,식품,5320,ALL,제주안심밥상 양돈농협 제주흑돼지 불고기 300g 1+1+1
9570,71,패션의류,9570,ALL,조르지오/롱패딩/야상패딩/여성니트 한정기간 특가
12900,70,패션의류,12900,ALL,봄신상 롱박스 티셔츠 원피스 셔츠 남방 빅사이즈
79200,20,패션의류,79200,ALL,[리얼지오지아](현대백화점)[지오지아]20S/S 남성 봄 싱글 트렌치 맥코트 5종 택1 ADA1CG1901 ADA1CG1902
39000,0,스포츠/자동차,39000,ALL,[휠라]더블마커 LX 1XM00984112
9900,23,스포츠/자동차,9900,ALL,[불스원]레인OK 프리미엄 에탄올워셔 1.8L x4개
42460,10,스포츠/자동차,42460,ALL,[아디다스](현대Hmall)아디다스 알파바운스 슬라이드 2종 모음
16900,19,생활/주방/건강,16900,ALL,[Aura]아우라 섬유유연제 윌유메리미 5.5L
12900,0,생활/주방/건강,12900,ALL,손소독제 대용량 500mlX1개 긴급재고확보
11900,0,생활/주방/건강,11900,ALL,[2080]2080 치약 스마트케어치약 190gx10개
9900,69,신발/잡화,9900,ALL,[월드컵]월드컵 남성 여성 아동 키즈 운동화 런닝화 슬립온
14800,69,신발/잡화,14800,ALL,커플운동화/신발/등산화/스니커즈/런닝화
7900,69,신발/잡화,7900,ALL,[탑모델]탑모델  털플랫/플랫/구두/로퍼/펌프스/부츠
19900,69,신발/잡화,19900,ALL,[월드컵]패키지 남여 공용 런닝화 운동화
74900,16,컴퓨터/전자,74900,ALL,[제이엠더블유]에어젯 터보 MS6010A 항공모터 헤어 드라이기 특가(61)
796000,6,컴퓨터/전자,796000,ALL,[아이디어패드]L340-15IRH i5/NVMe256G무상업+최대20%초대박할인68만
1469000,2,컴퓨터/전자,1469000,ALL,그랑데건조기 16kg DV16R8520KP+WE357AWP 실내키트
45750,4,도서/음반,45750,ALL,부즈펌 방학아이들(3종) / 우수과학도서(3종) 선택
12600,10,도서/음반,12600,ALL,왜 그렇게 말해 주지 못했을까 : 반성합니다. 내 아이를 부수었던 대화를
236310,0,가구/침구,236310,ALL,[시디즈]T40시리즈 T402HLA 화이트쉘 메쉬의자
31900,18,가구/침구,31900,ALL,[프리메이드]프리퍼 책상 컴퓨터책상 학생책상 책장 책꽂이 의자
11900,0,여행,11900,ALL,부산 캐니언파크 문현점/ 부산 실내동물원/애니멀테마파크/부산가볼만한곳/카드
29100,3,e쿠폰/티켓,29100,ALL,[롯데리아](롯데리아) 모바일 3만원권(잔액관리형)
9500,5,e쿠폰/티켓,9500,ALL,[GS수퍼마켓](GS수퍼마켓) 금액권 1만원
50000,0,e쿠폰/티켓,50000,ALL,[파리바게뜨](파리바게뜨) 파바 모바일 5만원권
126100,3,화장품/헤어,126100,ALL,인셀덤 정품 3종세트 현금이벤트
10900,31,화장품/헤어,10900,ALL,[도브]바디워시 뷰티너리싱 1L + 뷰티너리싱 1L
47900,0,유아동/출산,47900,ALL,[하기스]2020 매직팬티컴포트 5단계 남아 54Px2팩/기저귀
37150,1,유아동/출산,37150,ALL,[하기스]보송보송 팬티 5단계 공용 26PX4팩/팬티형 /기저귀
35900,16,식품,35900,ALL,[산과들에]하루 한줌 견과 원데이프리미엄100낱봉
35600,12,식품,35600,ALL,[제주삼다수]제주삼다수 2L 36병 / 생수전문배송
12520,2,식품,12520,ALL,필리핀/ 5봉 사바나나 바나나칩 사바나나칩 간식 과자
8900,59,패션의류,8900,ALL,[니]NII/크리스크리스티 BEST 면팬츠/데님/슬랙스 50종
12900,70,패션의류,12900,ALL,[팬콧]팬콧 성인 맨투맨/반팔/티셔츠/팬츠 + 22% 쿠폰
13900,30,패션의류,13900,ALL,[트라이]본사 무료배송 특가 남여런닝 6매/반팔/케미솔/끈나시
49000,0,스포츠/자동차,49000,ALL,[휠라]휠라바리케이드엑스티 97 FS1HTB1053XBWT
14900,46,스포츠/자동차,14900,ALL,페브리즈 차량용 방향제 2.2ml 4개 다우니향기 k
15000,0,생활/주방/건강,15000,ALL,[에코월드]소독용 식물성에탄올 70% 1.5L(의약외품)
36800,0,생활/주방/건강,36800,ALL,국내 공식출시 테라브레스 가글 마일드민트 473ml 3개
7900,0,신발/잡화,7900,ALL,신상패션양말 최대14켤레/페이크삭스/남여/발목
7280,2,신발/잡화,7280,ALL,[디즈니]신학기 캐릭터 아동 eva 실내화 초등학교 실내화
8580,21,신발/잡화,8580,ALL,루돌프발렌티노 신사 정장양말 5켤레
18800,69,신발/잡화,18800,ALL,[페이퍼플레인]페이퍼플레인 남녀/커플신발/운동화/스니커즈/슬립온
172980,1,컴퓨터/전자,172980,ALL,에어메이드 공기청정기 P120 1+1 거실형+침실형
19310,0,컴퓨터/전자,19310,ALL,2020년형 NB정품 NEW F80 모니터거치대 모니터암 9kg
1399270,7,컴퓨터/전자,1399270,ALL,[ROG]게이밍노트북 G731GU-EV001 GTX1660Ti SSD512최대124만
20000,0,도서/음반,20000,ALL,(2월26일 출고예정) tvN 드라마 - 사랑의 불시착 OST (2CD)
95000,6,도서/음반,95000,ALL,킨더랜드X반달 그림책 베스트 시리즈 전6권/구성선택구매
74750,0,도서/음반,74750,ALL,프로젝트 도서 8권 풀세트
29900,67,가구/침구,29900,ALL,[올리비아데코]100% 국내생산 순면 차렵이불 모음전
9900,69,가구/침구,9900,ALL,[아망떼]1+1 순면베개커버/알러지케어베개커버/누빔베개커버
99000,38,가구/침구,99000,ALL,[한샘]샘스틸 책상 DIY 160cm
28050,15,e쿠폰/티켓,28050,ALL,[LG유플러스](LG U+) U+ 데이터쿠폰/이용권 5GB
43070,27,화장품/헤어,43070,ALL,참존 고객감사 앵콜구성 특집 (10종+쇼핑백2)
24900,70,유아동/출산,24900,ALL,[페이퍼플레인키즈]아동화 유아 아동 신발 남아 여아 어린이 슈즈 실내화
11000,69,유아동/출산,11000,ALL,[팬콧키즈]아동운동화/학생실내화/아동실내화/아동장화/레인부츠
13900,12,식품,13900,ALL,[코카콜라]코카콜라 190ml x 30캔 / 음료수 사이다 커피
33050,19,패션의류,33050,ALL,[지프](현대백화점)Jeep[지프] JK3TSU806 (남여공용) 꾸준히 사랑받는 작은로고 기본 맨투맨티셔츠
29900,0,패션의류,29900,ALL,에바테일러 채정안의 사파리 후드 재킷
19800,16,스포츠/자동차,19800,ALL,[훠링]2개1세트/ NCR 퓨전X501 하이브리드 자동차 와이퍼
149000,46,스포츠/자동차,149000,ALL,[파인뷰]파인뷰 X5 NEW FHD/HD 2배저장 블랙박스 16GB 무료설치
26460,1,생활/주방/건강,26460,ALL,[베베숲]베베숲 라이트 80매 캡 20팩
9900,30,생활/주방/건강,9900,ALL,[바디피트]볼록맞춤 슈퍼롱 오버나이트/생리대 20Px2팩
6400,1,신발/잡화,6400,ALL,무료배송 10켤레 남자 패션 발목/덧신/중목/신사 양말
6500,69,신발/잡화,6500,ALL,크로커다일 3단자동우산/아동/장우산/양산/우양산
19800,70,신발/잡화,19800,ALL,[콜맨]콜맨슈즈 아동/성인 운동화/스니커즈/트래킹/캠핑슈즈
99000,0,컴퓨터/전자,99000,ALL,[로지텍]로지텍 코리아 MK850 블루투스 멀티 무선 콤보
19370,7,컴퓨터/전자,19370,ALL,2020년 F80A 모니터(2~9kg) 거치대 NB정품 모니터암
1249000,0,컴퓨터/전자,1249000,ALL,[트롬]LG판매점(JS) 트롬 스타일러 S3WFS 3벌+바지1벌
42840,0,도서/음반,42840,ALL,카드할인+사은품) 정가인하 소마셈 팩토 수학 세트 킨더팩토 키즈팩토 유아 초등 연산 K P A B C D 단계
12600,0,도서/음반,12600,ALL,권당사은품) 2020년 쎈수학 중등 -  라이트 쎈 개념쎈 중등 수학 1 2 3 학년 중학 문제집 상 하
12900,0,도서/음반,12900,ALL,(버젼선택) 빅톤 (VICTON) - Continuous (미니앨범 6집) 투명필름+포토카드+AR카드
61900,20,가구/침구,61900,ALL,[동서가구]엘사 800 5단 서랍장 DF909808
22220,2,가구/침구,22220,ALL,1+1 정말 100% 깜깜한 암막 커튼/거실/방풍/커텐/봉
83000,0,가구/침구,83000,ALL,누마 감마 1인용 2인용 컴퓨터 책상 800/1200/1800
10000,0,화장품/헤어,10000,ALL,[네이처리퍼블릭](10+10)네이처리퍼블릭 리얼네이처 마스크 시트팩/택1
27630,0,화장품/헤어,27630,ALL,[닥터방기원]랩샴푸 탈모샴푸 1LX3 대용량 탈모샴푸 두피샴푸
28710,10,유아동/출산,28710,ALL,[네이쳐러브메레]신규 기저귀+휴대용 손소독제 한정 특가 모음전
26400,0,유아동/출산,26400,ALL,보드게임 200종/할리갈리/루미큐브/인생게임/블로커스
9900,70,패션의류,9900,ALL,메이킹유 신상블라우스/롱원피스/팬츠 빅사이즈
35820,10,패션의류,35820,ALL,(Hmall) 마르조 여성 엘리 트렌치 야상 점퍼 2종
47200,20,스포츠/자동차,47200,ALL,[머렐][머렐] 남녀 트레킹화 5119OQ201 외 4종
72500,0,생활/주방/건강,72500,ALL,물과소금으로만든 안전하고강력한 세정제 하이퓨리20L
26900,15,생활/주방/건강,26900,ALL,[잘풀리는집]잘풀리는집 순수 프리미엄 30mx30롤 2팩/화장지
49720,14,신발/잡화,49720,ALL,[로아드로아][하트키링증정 ~27일까지][로아드로아] RDR 3D 매트릭스 백팩 택1
9900,0,신발/잡화,9900,ALL,코로나 바이러스 방지 모자 방역모자
27360,8,신발/잡화,27360,ALL,초특가 시스마르스 플렉스 웨지펌프스
279180,1,컴퓨터/전자,279180,ALL,[삼성전자]삼성 갤럭시워치 액티브2 블루투스 모음전 :당일출고:
8900,0,컴퓨터/전자,8900,ALL,[스피디]스피디 10W 고속 무선충전기 블랙
338700,5,컴퓨터/전자,338700,ALL,[애플]애플 에어팟 프로 PRO 노이즈캔슬링 케이스증정
14900,0,도서/음반,14900,ALL,(버젼선택) 아이즈원 (IZONE) - BLOOMIZ (정규 1집) 아이즈원카드+포토북+포토카드+AR카드+다각형엽서+미니카드
82280,14,도서/음반,82280,ALL,크레용하우스  NEW 공룡유치원 전12권 + OTG USB(8G)
40380,4,도서/음반,40380,ALL,[우공비]2020년 1학기 신사고 우공비국사과/ 전과목세트/국사과+쎈수학
20900,48,화장품/헤어,20900,ALL,[일리윤]일리윤 세라마이드 아토로션 350ML 2개
6900,46,화장품/헤어,6900,ALL,[바세린]퓨어 스킨 젤리 100ml 3개
21900,4,화장품/헤어,21900,ALL,[피지오겔]공식판매ㅣ피지오겔 BEST ~ 할인
36500,0,패션의류,36500,ALL,커스텀핏 카라티셔츠/ 타미힐피거.
12900,70,패션의류,12900,ALL,[지기젠]봄신상12% 남자청바지/슬림핏/일자/면바지/빅사이즈
10850,0,스포츠/자동차,10850,ALL,[카렉스]레인스톰 하이브리드 와이퍼  2+2 2세트 무료배송
22400,20,스포츠/자동차,22400,ALL,[노스페이스화이트라벨](대구신세계)공용 반팔티셔츠 모음 NT7UK07 NT7UK13 NT7UK22
10900,63,생활/주방/건강,10900,ALL,[코코도르]디퓨저 1+1+1 세트/선물추천/방향제/새해
39880,2,생활/주방/건강,39880,ALL,[캐츠랑]캐츠랑 전연령 20kg(5kg x 4개) 캣츠랑 고양이사료
32180,0,생활/주방/건강,32180,ALL,프랩스왑 일회용 알콜솜 알콜스왑 300매 핸드폰손소독
17900,0,신발/잡화,17900,ALL,[동대문모자]코튼 투명 안면보호 방역모자 바이러스 코로나 모자
35100,10,신발/잡화,35100,ALL,크로스백 6종/토트백 4종
11900,0,신발/잡화,11900,ALL,루이 IBIS 김서림방지 클리너 2개 안경닦이 크리너
1449000,0,컴퓨터/전자,1449000,ALL,[삼성전자]혜택가 124만원대 PUHD TV 4K 176cm UN70RU7100FXKR
77200,14,컴퓨터/전자,77200,ALL,[제이엠더블유]에어젯 MS6020B 터보 항공모터 헤어 드라이기 특가(30)
44900,0,도서/음반,44900,ALL,(2/18) (PKG) 아이즈원(IZ ONE) - 정규1집 : BLOOMIZ (블룸 아이즈)
69900,0,도서/음반,69900,ALL,Set (앨범4종+포스터4장+지관통) 방탄소년단 (BTS 防彈少年團) / Map Of The Soul :7
11700,0,도서/음반,11700,ALL,[천재교육]카드할인+선물) 2020년 우등생 해법 국어 수학 과학 사회 영어 1 2 3 4 5 6 학년 해법수학 시리즈 세트
7900,33,화장품/헤어,7900,ALL,모하니 바오밥 단백질 퍼퓸 샴푸 1000g
15430,2,화장품/헤어,15430,ALL,[케라시스]케라시스 퍼퓸 샴푸린스 1000ml X3개 / 대용량 3000ml
25940,9,화장품/헤어,25940,ALL,[우르오스](현대Hmall)우르오스 올인원 스킨밀크 200ml
9900,67,화장품/헤어,9900,ALL,[라벨영]쇼킹 두피팩 3+1event/비듬+두피가려움 제거/어성초
7900,50,생활/주방/건강,7900,ALL,[베베숲]베베숲 인기 휴대용 물티슈 모음전
8900,64,생활/주방/건강,8900,ALL,[에코후레쉬]세탁조클리너 100g x 9개_곰팡이세균 99.9% 제거
